energy_%,bpm,danceability_%,liveness_%,valence_%,speechiness_%,instrumentalness_%
0.592,157.969,0.521,0.122,0.535,0.0304,0.0
0.507,104.978,0.747,0.117,0.438,0.0358,0.0608
0.808,108.548,0.554,0.159,0.372,0.0368,0.0
0.91,112.966,0.67,0.304,0.786,0.0634,0.0
0.783,149.027,0.777,0.355,0.939,0.26,0.0
0.582,116.712,0.7,0.0881,0.785,0.0356,0.0
0.561,150.069,0.669,0.0954,0.841,0.0411,0.00962
0.247,148.101,0.467,0.17,0.126,0.0431,0.000271
0.416,94.926,0.492,0.203,0.297,0.0254,8.61e-05
0.722,119.973,0.769,0.111,0.57,0.0507,2.56e-06
0.667,130.019,0.776,0.0761,0.618,0.0983,0.3
0.586,107.071,0.669,0.104,0.579,0.054,0.0
0.806,104.032,0.608,0.191,0.587,0.0486,0.0
0.709,81.012,0.722,0.0804,0.604,0.0273,0.0
0.757,139.982,0.742,0.305,0.957,0.0421,0.0
0.917,100.987,0.562,0.488,0.501,0.117,0.0
0.787,109.939,0.734,0.312,0.672,0.116,0.0
0.843,122.064,0.619,0.164,0.746,0.0284,0.000118
0.406,115.94,0.53,0.133,0.338,0.033,0.0
0.782,119.992,0.727,0.225,0.655,0.042,0.336
0.812,80.09,0.505,0.444,0.664,0.461,0.0
0.76,103.969,0.701,0.185,0.69,0.0285,6.54e-05
0.725,116.988,0.894,0.0815,0.838,0.0432,1.15e-05
0.563,105.008,0.833,0.139,0.343,0.204,1.27e-05
0.628,119.98,0.757,0.221,0.321,0.101,0.0209
0.855,127.986,0.638,0.245,0.731,0.0264,0.0
0.62,117.038,0.741,0.0398,0.934,0.0412,0.000809
0.339,97.989,0.705,0.12,0.457,0.0278,0.0814
0.651,112.648,0.694,0.0787,0.471,0.0784,1.36e-05
0.601,123.994,0.635,0.11,0.332,0.0295,0.0
0.691,167.029,0.836,0.282,0.703,0.363,0.0
0.646,115.842,0.645,0.074,0.295,0.0427,3.04e-05
0.471,105.029,0.472,0.14,0.219,0.0603,0.0
0.709,194.055,0.744,0.0847,0.712,0.284,0.0
0.904,167.033,0.739,0.0948,0.788,0.0442,1.03e-05
0.604,159.92,0.561,0.104,0.242,0.0337,1.9e-05
0.668,90.969,0.646,0.212,0.64,0.0282,0.0
0.668,128.027,0.924,0.0678,0.787,0.0469,0.000594
0.454,159.982,0.689,0.0707,0.912,0.0584,0.00259
0.386,192.004,0.504,0.0961,0.281,0.0308,1.53e-05
0.681,155.079,0.56,0.106,0.388,0.244,0.0
0.472,101.061,0.898,0.141,0.214,0.0776,0.0
0.711,146.921,0.487,0.152,0.317,0.0322,0.0
0.712,91.98,0.848,0.106,0.692,0.0981,0.0
0.645,114.933,0.882,0.057,0.788,0.0601,4.13e-05
0.872,184.115,0.466,0.121,0.806,0.0336,0.0
0.756,116.034,0.66,0.193,0.838,0.032,0.0
0.508,147.125,0.579,0.0575,0.609,0.027,0.000494
0.89,133.52,0.502,0.217,0.259,0.0364,0.0117
0.446,123.596,0.743,0.337,0.278,0.0683,0.118
0.43,91.844,0.515,0.129,0.104,0.0372,0.000133
0.824,120.125,0.5,0.0916,0.539,0.0388,0.00161
0.767,96.483,0.592,0.127,0.328,0.027,0.00165
0.952,125.304,0.445,0.112,0.624,0.0522,0.0843
0.795,158.691,0.464,0.399,0.612,0.0926,0.00244
0.492,120.151,0.828,0.128,0.789,0.0276,0.00428
0.881,158.066,0.413,0.0805,0.364,0.0367,0.000308
0.716,94.379,0.535,0.659,0.901,0.0431,0.0
0.322,93.503,0.475,0.11,0.387,0.0283,0.00056
0.394,104.114,0.693,0.247,0.721,0.0428,0.000694
0.899,152.445,0.475,0.14,0.603,0.0637,1.91e-05
0.943,85.064,0.442,0.091,0.781,0.0602,8.71e-06
0.345,84.581,0.559,0.141,0.458,0.0459,0.000105
0.814,147.193,0.673,0.343,0.728,0.0367,0.00293
0.767,127.361,0.532,0.39,0.755,0.0574,0.000513
0.863,136.302,0.723,0.128,0.931,0.0338,0.0317
0.449,100.456,0.486,0.54,0.549,0.0267,2.23e-06
0.902,89.74,0.412,0.405,0.422,0.405,0.131
0.722,103.886,0.55,0.11,0.716,0.0283,0.0129
0.944,105.338,0.394,0.298,0.265,0.0761,4.54e-06
0.952,122.093,0.398,0.1,0.584,0.061,7.75e-05
0.917,171.176,0.356,0.406,0.518,0.0479,0.0
0.589,124.634,0.455,0.104,0.254,0.0328,0.00358
0.805,113.253,0.438,0.0842,0.564,0.0624,5.69e-05
0.239,189.507,0.446,0.0697,0.298,0.0316,4.1e-06
0.521,123.118,0.721,0.127,0.942,0.0613,0.00545
0.67,129.269,0.619,0.331,0.777,0.0353,0.0109
0.828,105.25,0.539,0.154,0.562,0.035,0.421
0.487,114.965,0.73,0.0852,0.731,0.0303,0.01
0.697,116.109,0.741,0.133,0.774,0.0277,2.28e-05
0.579,127.215,0.62,0.0858,0.691,0.0473,6.4e-05
0.912,116.761,0.502,0.106,0.72,0.0564,0.000173
0.833,88.785,0.466,0.0327,0.661,0.304,0.0
0.376,164.775,0.53,0.0926,0.188,0.04,0.247
0.786,126.755,0.482,0.446,0.793,0.032,8.88e-05
0.789,129.802,0.674,0.0753,0.918,0.0676,0.00708
0.441,81.334,0.519,0.076,0.25,0.0353,0.000453
0.836,113.375,0.743,0.384,0.82,0.116,0.0
0.528,109.975,0.932,0.163,0.757,0.161,0.329
0.905,128.019,0.602,0.117,0.411,0.0775,0.064
0.519,98.883,0.653,0.101,0.822,0.0497,0.0209
0.946,138.18,0.454,0.173,0.647,0.13,0.0
0.828,105.435,0.35,0.0774,0.147,0.041,0.000161
0.349,124.348,0.489,0.0866,0.622,0.0323,0.0789
0.872,159.925,0.587,0.622,0.735,0.0484,0.0
0.808,151.008,0.577,0.221,0.869,0.039,1.33e-05
0.758,112.113,0.489,0.092,0.435,0.0297,0.49
0.932,112.937,0.564,0.349,0.619,0.0554,0.169
0.338,177.765,0.388,0.248,0.478,0.0329,3.73e-06
0.7,188.386,0.31,0.0828,0.763,0.047,0.00965
0.691,137.145,0.548,0.144,0.667,0.0369,0.106
0.532,136.576,0.601,0.0925,0.342,0.0286,5.95e-06
0.641,203.006,0.256,0.0853,0.382,0.0552,0.0329
0.755,109.535,0.667,0.0523,0.883,0.069,6.94e-05
0.373,92.718,0.671,0.0481,0.732,0.0323,8.01e-05
0.927,141.466,0.333,0.297,0.385,0.0733,0.000208
0.787,126.879,0.767,0.0513,0.964,0.0331,0.583
0.366,127.163,0.472,0.0837,0.171,0.0286,0.312
0.864,81.394,0.437,0.242,0.749,0.0904,0.0314
0.584,170.411,0.509,0.384,0.685,0.057,9.96e-05
0.912,117.399,0.575,0.0562,0.843,0.0393,0.00211
0.611,85.387,0.654,0.405,0.786,0.119,0.000178
0.482,138.453,0.529,0.0842,0.492,0.0599,0.0
0.748,134.114,0.618,0.0473,0.663,0.358,4.1e-06
0.7,147.245,0.586,0.0318,0.897,0.0363,0.00125
0.318,104.522,0.575,0.0934,0.385,0.109,0.000202
0.706,80.823,0.445,0.205,0.768,0.0461,0.000252
0.913,115.728,0.574,0.156,0.423,0.133,0.00158
0.495,124.936,0.532,0.0754,0.308,0.0343,0.0
0.875,75.009,0.284,0.402,0.595,0.0422,0.000461
0.737,103.867,0.662,0.119,0.744,0.0296,0.0191
0.936,91.577,0.666,0.153,0.776,0.0476,0.086
0.432,94.605,0.475,0.161,0.648,0.0302,0.0
0.549,176.941,0.516,0.184,0.907,0.0373,0.00572
0.751,89.839,0.421,0.17,0.789,0.0472,0.0
0.938,168.131,0.324,0.0961,0.543,0.102,0.0321
0.953,84.989,0.267,0.283,0.568,0.096,0.0
0.919,135.997,0.465,0.262,0.537,0.0408,2.07e-05
0.58,127.402,0.741,0.212,0.944,0.0304,3.61e-05
0.72,121.864,0.404,0.0466,0.475,0.0623,0.836
0.927,170.814,0.215,0.126,0.49,0.0452,0.00661
0.801,133.769,0.651,0.0825,0.776,0.0514,0.0
0.262,122.861,0.481,0.832,0.375,0.0414,0.0114
0.449,84.383,0.623,0.0613,0.573,0.0253,0.0
0.476,148.117,0.389,0.255,0.566,0.0316,5.09e-05
0.978,141.167,0.526,0.0744,0.451,0.108,4.75e-05
0.842,100.127,0.297,0.0848,0.586,0.0488,9.1e-06
0.944,146.347,0.27,0.116,0.606,0.0975,2.05e-05
0.182,136.094,0.349,0.143,0.178,0.031,0.0152
0.164,58.303,0.136,0.109,0.071,0.0364,0.916
0.00527,170.612,0.184,0.173,0.151,0.0432,0.887
0.449,92.468,0.447,0.0697,0.036,0.0376,0.961
0.812,80.09,0.505,0.444,0.664,0.461,0.0
0.507,130.007,0.872,0.111,0.506,0.072,0.0
0.802,128.085,0.835,0.0882,0.374,0.243,7.33e-06
0.533,120.011,0.794,0.207,0.15,0.0591,2.76e-05
0.722,119.973,0.769,0.111,0.57,0.0507,2.56e-06
0.684,166.976,0.832,0.229,0.68,0.359,0.0
0.642,111.907,0.65,0.0855,0.186,0.04,0.0
0.699,129.054,0.92,0.0745,0.484,0.358,0.0
0.628,119.98,0.757,0.221,0.321,0.101,0.0209
0.709,78.53,0.749,0.329,0.564,0.259,0.0
0.69,125.951,0.853,0.0835,0.471,0.0647,0.0
0.754,131.001,0.863,0.0913,0.301,0.0611,0.0
0.4,106.682,0.608,0.119,0.089,0.32,0.000327
0.509,157.94,0.662,0.266,0.549,0.322,0.0
0.663,143.082,0.76,0.305,0.209,0.0551,0.0
0.761,147.216,0.649,0.207,0.313,0.152,0.0
0.663,184.057,0.672,0.134,0.381,0.243,0.0
0.681,114.991,0.884,0.277,0.324,0.149,0.0
0.723,139.942,0.783,0.159,0.294,0.135,0.0
0.831,139.905,0.652,0.269,0.648,0.264,0.0
0.525,75.013,0.776,0.108,0.467,0.137,0.0
0.5,63.925,0.427,0.127,0.269,0.141,0.0
0.586,125.845,0.731,0.0987,0.147,0.172,0.0
0.552,144.941,0.64,0.119,0.112,0.129,0.0
0.472,101.061,0.898,0.141,0.214,0.0776,0.0
0.859,129.77,0.77,0.673,0.64,0.275,0.0
0.685,121.991,0.731,0.0865,0.458,0.12,0.0
0.578,124.005,0.916,0.113,0.192,0.124,0.00402
0.574,146.007,0.694,0.082,0.286,0.0483,0.0
0.867,131.041,0.902,0.142,0.799,0.225,0.0
0.692,140.203,0.637,0.345,0.427,0.164,0.0
0.478,104.563,0.675,0.127,0.39,0.512,7.8e-06
0.878,82.557,0.661,0.381,0.514,0.31,0.0
0.396,78.022,0.726,0.527,0.413,0.283,0.0
0.711,117.038,0.974,0.0888,0.328,0.194,3.92e-05
0.527,77.499,0.824,0.368,0.212,0.118,0.0
0.752,158.042,0.638,0.17,0.242,0.0385,0.734
0.826,108.52,0.654,0.131,0.417,0.354,0.00146
0.472,101.061,0.898,0.141,0.214,0.0776,0.0
0.764,140.113,0.882,0.119,0.886,0.204,0.0
0.552,144.941,0.64,0.119,0.112,0.129,0.0
0.632,123.987,0.848,0.282,0.253,0.277,0.0
0.805,142.096,0.548,0.408,0.649,0.351,0.000405
0.631,121.854,0.772,0.129,0.433,0.0431,0.0
0.702,125.089,0.871,0.0912,0.675,0.253,0.0
0.57,142.974,0.787,0.135,0.733,0.225,0.0
0.583,116.624,0.709,0.195,0.533,0.204,2.97e-06
0.592,159.98,0.82,0.121,0.4,0.29,4.71e-06
0.68,144.006,0.85,0.0964,0.694,0.338,0.0
0.758,165.409,0.681,0.555,0.331,0.188,0.0
0.413,131.964,0.772,0.111,0.211,0.0891,0.0
0.658,151.951,0.752,0.0927,0.387,0.342,0.0
0.732,142.791,0.548,0.269,0.612,0.336,0.0
0.676,143.477,0.594,0.163,0.472,0.344,0.0
0.618,99.7,0.49,0.259,0.286,0.104,3.77e-06
0.35,77.528,0.822,0.0757,0.346,0.574,0.0
0.946,150.141,0.804,0.359,0.745,0.352,0.0
0.626,143.01,0.819,0.167,0.415,0.202,0.101
0.592,188.051,0.696,0.127,0.232,0.319,0.0
0.547,138.05,0.92,0.0998,0.606,0.272,1.45e-06
0.395,76.984,0.793,0.109,0.128,0.385,1.4e-05
0.774,130.007,0.867,0.157,0.549,0.315,0.0
0.449,136.006,0.578,0.119,0.1,0.286,2.17e-06
0.673,165.921,0.529,0.093,0.366,0.175,2.41e-06
0.73,156.953,0.729,0.118,0.41,0.261,4.33e-05
0.487,127.05,0.964,0.115,0.108,0.421,6.07e-06
0.732,149.012,0.841,0.136,0.576,0.19,2.18e-05
0.611,134.093,0.711,0.23,0.144,0.33,0.0
0.733,130.029,0.847,0.151,0.202,0.16,1.04e-05
0.48,143.029,0.846,0.0989,0.419,0.359,0.0
0.575,120.031,0.88,0.109,0.671,0.163,0.0
0.727,150.062,0.477,0.108,0.227,0.286,0.0
0.495,137.027,0.853,0.0844,0.0774,0.14,0.000217
0.434,150.062,0.833,0.165,0.281,0.431,0.0219
0.564,77.972,0.856,0.134,0.483,0.392,0.0
0.67,139.956,0.79,0.119,0.408,0.105,2.32e-06
0.733,97.974,0.825,0.112,0.62,0.0969,0.0
0.567,75.965,0.574,0.258,0.526,0.465,0.0
0.434,150.062,0.833,0.165,0.281,0.431,0.0219
0.665,94.329,0.583,0.112,0.463,0.18,0.0
0.346,119.957,0.963,0.108,0.562,0.53,0.0
0.577,148.107,0.797,0.301,0.17,0.195,0.0
0.59,119.97,0.88,0.184,0.723,0.204,0.0
0.631,129.902,0.807,0.117,0.126,0.111,0.0
0.413,131.964,0.772,0.111,0.211,0.0891,0.0
0.822,165.946,0.513,0.11,0.768,0.383,0.0
0.666,127.079,0.926,0.123,0.168,0.244,0.0
0.575,145.95,0.713,0.169,0.189,0.0501,0.0
0.586,124.041,0.808,0.14,0.568,0.169,0.0
0.676,162.012,0.814,0.119,0.312,0.231,1.28e-05
0.928,109.966,0.616,0.156,0.23,0.043,0.0
0.542,135.14,0.926,0.0877,0.564,0.293,0.0
0.637,135.055,0.851,0.227,0.616,0.104,0.0
0.718,128.14,0.76,0.0982,0.557,0.232,0.0
0.748,115.01,0.752,0.105,0.497,0.0895,0.0
0.536,119.967,0.689,0.169,0.349,0.174,0.0
0.531,118.96,0.566,0.179,0.367,0.0716,0.0
0.657,124.992,0.883,0.128,0.284,0.305,0.0
0.88,92.055,0.753,0.146,0.582,0.081,0.0
0.496,86.003,0.889,0.252,0.544,0.0905,0.0
0.708,96.914,0.712,0.29,0.634,0.247,0.0
0.696,120.146,0.744,0.0808,0.406,0.117,0.0
0.629,140.101,0.523,0.323,0.209,0.0549,0.0
0.735,99.827,0.697,0.099,0.403,0.0497,0.0
0.671,147.037,0.607,0.128,0.316,0.0863,1.31e-06
0.486,110.964,0.784,0.101,0.0894,0.0475,0.497
0.583,116.624,0.709,0.195,0.533,0.204,2.97e-06
0.385,129.958,0.69,0.236,0.19,0.0817,0.0
0.411,172.445,0.722,0.0976,0.503,0.387,0.0
0.484,133.03,0.93,0.0922,0.747,0.259,6.84e-05
0.6,113.903,0.883,0.0931,0.691,0.37,7.94e-06
0.73,155.008,0.834,0.124,0.446,0.222,0.0
0.668,87.973,0.573,0.109,0.145,0.0467,4.01e-05
0.603,135.993,0.735,0.0844,0.429,0.203,3.56e-05
0.637,171.264,0.567,0.235,0.882,0.298,0.0346
0.874,118.079,0.774,0.413,0.927,0.0488,0.34
0.792,113.981,0.749,0.0712,0.903,0.0402,1.63e-05
0.812,100.049,0.455,0.199,0.823,0.211,0.0
0.648,93.2,0.737,0.105,0.746,0.138,6.92e-06
0.814,93.482,0.683,0.0858,0.758,0.0466,0.00826
0.683,145.379,0.501,0.0685,0.623,0.211,9.25e-05
0.634,101.837,0.502,0.188,0.645,0.144,0.0341
0.651,112.648,0.694,0.0787,0.471,0.0784,1.36e-05
0.581,99.973,0.805,0.0933,0.528,0.0601,0.0202
0.563,105.008,0.833,0.139,0.343,0.204,1.27e-05
0.737,101.923,0.779,0.0974,0.445,0.109,0.0
0.662,95.999,0.863,0.334,0.307,0.21,8.45e-06
0.482,100.029,0.69,0.0728,0.356,0.2,0.0004
0.668,128.027,0.924,0.0678,0.787,0.0469,0.000594
0.762,90.025,0.816,0.0845,0.782,0.0565,0.000404
0.718,105.002,0.848,0.116,0.564,0.0557,1.9e-05
0.712,91.98,0.848,0.106,0.692,0.0981,0.0
0.627,155.865,0.687,0.0893,0.47,0.181,0.0
0.483,171.831,0.753,0.0681,0.826,0.273,0.0
0.724,101.097,0.556,0.217,0.681,0.119,0.0
0.442,100.021,0.776,0.0723,0.838,0.0575,1.31e-05
0.614,119.893,0.658,0.092,0.465,0.0324,2.18e-05
0.681,155.079,0.56,0.106,0.388,0.244,0.0
0.719,104.033,0.707,0.371,0.701,0.0395,2e-06
0.536,97.541,0.716,0.208,0.359,0.0328,0.0
0.594,125.01,0.694,0.131,0.672,0.0366,0.0
0.752,100.076,0.841,0.949,0.67,0.105,0.00046
0.709,194.055,0.744,0.0847,0.712,0.284,0.0
0.707,82.045,0.786,0.121,0.691,0.0635,0.0
0.832,98.582,0.742,0.296,0.716,0.0325,0.0
0.616,104.008,0.773,0.145,0.25,0.0416,4.24e-05
0.689,120.208,0.724,0.0922,0.936,0.0524,6.77e-06
0.74,117.955,0.748,0.087,0.618,0.0387,0.000109
0.856,136.0,0.691,0.0876,0.713,0.0536,5.09e-05
0.464,79.503,0.373,0.127,0.301,0.256,0.0135
0.783,103.001,0.705,0.0984,0.454,0.0403,0.0
0.631,111.93,0.706,0.227,0.289,0.0366,0.0
0.445,156.023,0.55,0.507,0.512,0.0847,0.00318
0.764,148.853,0.666,0.347,0.729,0.116,0.0
0.162,184.784,0.459,0.137,0.483,0.0425,0.0
0.834,139.995,0.783,0.0903,0.92,0.029,0.000212
0.682,100.036,0.75,0.112,0.618,0.0945,1.28e-06
0.578,199.997,0.734,0.113,0.88,0.295,0.000242
0.513,109.935,0.745,0.216,0.929,0.087,0.0
0.824,124.997,0.747,0.282,0.793,0.0348,0.0
0.787,165.07,0.809,0.0653,0.9,0.125,0.0011
0.356,169.653,0.529,0.136,0.659,0.0569,0.0
0.806,123.009,0.763,0.0612,0.594,0.0532,1.32e-05
0.872,128.924,0.816,0.254,0.94,0.0442,3.7e-06
0.896,90.622,0.662,0.186,0.79,0.251,0.0
0.59,161.989,0.864,0.093,0.579,0.499,0.0
0.63,81.009,0.72,0.108,0.512,0.0413,0.0
0.573,82.941,0.603,0.0971,0.236,0.0502,0.0
0.468,135.875,0.483,0.152,0.319,0.0341,0.0
0.519,122.925,0.562,0.172,0.415,0.0326,0.000268
0.481,124.914,0.534,0.142,0.293,0.0412,0.0
0.866,140.266,0.526,0.0945,0.248,0.0568,7.78e-05
0.903,132.009,0.562,0.298,0.791,0.0296,0.0939
0.585,109.942,0.775,0.077,0.518,0.0271,0.619
0.957,105.105,0.606,0.14,0.603,0.0814,0.000295
0.94,100.99,0.438,0.3,0.421,0.0452,0.0777
0.795,79.028,0.801,0.0717,0.754,0.0504,0.000113
0.509,119.945,0.578,0.344,0.586,0.0279,0.734
0.62,117.038,0.741,0.0398,0.934,0.0412,0.000809
0.643,103.842,0.633,0.78,0.472,0.0252,0.00831
0.593,120.509,0.565,0.215,0.429,0.0883,0.0
0.749,164.959,0.593,0.314,0.649,0.0475,0.106
0.518,151.891,0.815,0.104,0.877,0.0897,0.0
0.846,103.912,0.611,0.0784,0.751,0.0436,0.0
0.924,168.017,0.598,0.17,0.611,0.0623,0.799
0.828,112.056,0.654,0.122,0.79,0.0281,0.000144
0.901,113.967,0.621,0.0875,0.744,0.0302,0.0
0.509,119.869,0.898,0.0876,0.727,0.062,0.0
0.94,100.99,0.438,0.3,0.421,0.0452,0.0777
0.572,131.272,0.636,0.0878,0.66,0.0913,0.0
0.603,102.99,0.66,0.0751,0.527,0.025,0.0144
0.798,126.976,0.502,0.0979,0.307,0.0414,1.11e-05
0.684,209.688,0.633,0.112,0.725,0.591,8.95e-05
0.351,87.057,0.665,0.109,0.451,0.0276,0.819
0.521,106.035,0.539,0.367,0.679,0.0299,0.0
0.544,121.968,0.823,0.108,0.826,0.0358,0.165
0.658,150.093,0.615,0.205,0.293,0.0343,0.000911
0.501,134.014,0.781,0.0908,0.961,0.0333,3.78e-06
0.501,87.086,0.668,0.194,0.858,0.0629,0.0
0.361,121.059,0.606,0.38,0.621,0.0346,3.39e-05
0.361,187.711,0.363,0.154,0.612,0.0499,0.00119
0.586,78.259,0.434,0.146,0.239,0.138,0.0144
0.545,159.94,0.545,0.417,0.549,0.107,5.48e-05
0.364,75.24,0.524,0.1,0.436,0.0367,0.0
0.507,86.412,0.662,0.0465,0.676,0.118,0.0
0.607,81.001,0.684,0.191,0.498,0.1,0.000307
0.551,143.008,0.559,0.11,0.392,0.132,0.0
0.444,118.402,0.609,0.104,0.166,0.106,6.86e-06
0.394,117.489,0.689,0.0859,0.382,0.065,0.000905
0.551,92.887,0.911,0.0863,0.969,0.045,4.35e-05
0.693,86.009,0.662,0.145,0.655,0.0698,0.0
0.684,112.912,0.692,0.156,0.406,0.155,0.0
0.239,113.451,0.372,0.168,0.127,0.0296,0.000175
0.307,92.995,0.81,0.0779,0.697,0.12,0.00298
0.352,102.679,0.45,0.249,0.408,0.267,3.8e-06
0.695,90.119,0.665,0.106,0.707,0.0532,0.0
0.609,95.986,0.652,0.233,0.482,0.037,0.00101
0.284,99.796,0.358,0.183,0.276,0.0285,0.0
0.344,65.203,0.583,0.143,0.581,0.0559,0.0
0.574,92.795,0.452,0.189,0.578,0.311,0.0
0.707,93.145,0.704,0.318,0.761,0.0391,0.00106
0.612,86.768,0.536,0.209,0.57,0.272,0.0
0.735,88.98,0.644,0.161,0.418,0.0391,0.144
0.503,137.007,0.646,0.652,0.789,0.0312,0.000279
0.552,90.098,0.641,0.148,0.152,0.0283,4.63e-06
0.698,95.975,0.59,0.107,0.352,0.0286,0.0
0.61,125.99,0.741,0.534,0.72,0.0511,0.0
0.705,96.644,0.838,0.336,0.837,0.29,0.0
0.378,141.967,0.617,0.11,0.22,0.0315,9.16e-05
0.43,129.93,0.716,0.146,0.472,0.112,0.0
0.629,93.985,0.657,0.254,0.726,0.0782,0.0
0.493,82.887,0.347,0.127,0.308,0.29,0.00366
0.594,135.002,0.795,0.162,0.409,0.0748,0.0
0.5,132.798,0.602,0.295,0.395,0.298,5.69e-05
0.618,133.876,0.707,0.293,0.517,0.19,0.0
0.477,119.928,0.796,0.12,0.685,0.108,0.0
0.681,171.864,0.673,0.235,0.707,0.118,0.0
0.588,94.519,0.686,0.0954,0.617,0.0554,0.0
0.5,135.03,0.856,0.104,0.886,0.18,0.0
0.725,146.163,0.61,0.154,0.291,0.15,0.0
0.5,124.037,0.816,0.0733,0.649,0.03,1.53e-06
0.876,130.21,0.412,0.297,0.706,0.472,0.0
0.538,109.97,0.81,0.0951,0.832,0.0357,0.0
0.394,92.009,0.764,0.117,0.465,0.152,9.37e-05
0.552,168.19,0.727,0.198,0.607,0.14,0.00016
0.712,140.012,0.573,0.167,0.346,0.0732,0.0
0.576,179.063,0.625,0.187,0.235,0.175,4.07e-05
0.366,73.313,0.4,0.126,0.161,0.0597,0.0
0.242,144.211,0.549,0.127,0.286,0.038,8.1e-05
0.721,169.904,0.62,0.563,0.77,0.0887,0.0075
0.467,138.007,0.845,0.0694,0.702,0.138,0.0
0.635,103.019,0.617,0.164,0.446,0.0317,1.44e-05
0.939,129.024,0.671,0.298,0.53,0.161,0.0
0.715,199.892,0.475,0.135,0.159,0.058,2.67e-05
0.823,128.035,0.646,0.322,0.418,0.0394,0.0
0.835,125.983,0.527,0.249,0.654,0.0433,0.0
0.751,117.948,0.88,0.106,0.884,0.0874,6.43e-05
0.685,118.02,0.782,0.16,0.603,0.0309,1.18e-05
0.524,95.01,0.748,0.111,0.661,0.0338,0.0
0.627,179.642,0.468,0.11,0.159,0.0476,7.97e-06
0.856,127.949,0.596,0.141,0.743,0.0346,0.0178
0.77,125.905,0.694,0.118,0.163,0.149,1.1e-05
0.963,129.992,0.581,0.139,0.788,0.0981,0.0
0.787,126.062,0.604,0.127,0.301,0.103,0.15
0.714,101.969,0.664,0.0843,0.71,0.111,8.42e-06
0.815,123.063,0.636,0.163,0.636,0.0581,0.0
0.736,127.999,0.579,0.198,0.613,0.0527,0.0
0.777,130.003,0.73,0.0691,0.575,0.0496,0.000486
0.869,159.805,0.533,0.136,0.425,0.173,0.00538
0.857,128.024,0.414,0.343,0.348,0.0808,0.00574
0.86,127.075,0.608,0.262,0.437,0.0554,0.0
0.811,116.047,0.794,0.101,0.862,0.038,1.07e-06
0.741,123.077,0.646,0.312,0.571,0.034,0.0
0.519,133.99,0.501,0.454,0.168,0.0409,0.0
0.717,121.985,0.793,0.226,0.466,0.0393,3.6e-05
0.685,130.039,0.772,0.131,0.501,0.0696,8.96e-05
0.927,123.962,0.631,0.148,0.465,0.0332,0.119
0.593,119.958,0.79,0.065,0.72,0.0776,0.00202
0.766,127.975,0.735,0.108,0.6,0.0383,0.00141
0.51,119.994,0.829,0.0829,0.45,0.0369,0.00143
0.869,127.966,0.616,0.064,0.473,0.0327,0.0
0.915,126.094,0.544,0.115,0.51,0.0841,0.000914
0.741,119.896,0.72,0.289,0.357,0.0287,1.41e-05
0.697,122.746,0.613,0.332,0.476,0.133,0.0
0.634,113.927,0.704,0.0952,0.411,0.0428,3.17e-05
0.861,117.965,0.73,0.213,0.704,0.0451,0.0
0.989,126.002,0.621,0.184,0.0348,0.0434,0.357
0.805,126.008,0.506,0.0856,0.383,0.0469,0.00193
0.695,104.879,0.583,0.0527,0.224,0.0423,0.0
0.862,128.036,0.498,0.352,0.469,0.0588,0.00918
0.857,119.975,0.56,0.381,0.432,0.0384,0.0
0.781,128.0,0.509,0.0749,0.176,0.072,0.0
0.73,85.979,0.596,0.325,0.525,0.151,0.0
0.568,117.973,0.78,0.0698,0.459,0.031,0.000168
0.463,121.999,0.778,0.0731,0.496,0.0389,0.00289
0.774,112.05,0.674,0.393,0.33,0.0892,0.00188
0.81,126.052,0.572,0.13,0.11,0.0558,6.53e-06
0.781,119.977,0.751,0.036,0.814,0.0862,0.0
0.586,120.97,0.799,0.193,0.549,0.0377,2.03e-06
0.72,122.031,0.789,0.129,0.664,0.218,0.0
0.62,120.031,0.798,0.112,0.235,0.232,0.0192
0.622,102.04,0.69,0.116,0.544,0.0622,0.0
0.736,130.011,0.75,0.265,0.355,0.155,0.0
0.802,100.001,0.713,0.309,0.343,0.0561,0.00377
0.906,125.916,0.711,0.153,0.824,0.0284,1.64e-05
0.921,130.072,0.691,0.331,0.8,0.0533,0.0
0.795,121.294,0.956,0.0906,0.841,0.15,0.889
0.833,129.885,0.551,0.0632,0.145,0.03,2.77e-06
0.817,128.078,0.883,0.11,0.595,0.235,0.00449
0.748,125.896,0.503,0.343,0.356,0.0619,0.0
0.392,75.066,0.599,0.131,0.26,0.0257,0.000107
0.604,159.92,0.561,0.104,0.242,0.0337,1.9e-05
0.473,152.88,0.591,0.108,0.451,0.0708,0.00334
0.592,157.969,0.521,0.122,0.535,0.0304,0.0
0.507,104.978,0.747,0.117,0.438,0.0358,0.0608
0.582,116.712,0.7,0.0881,0.785,0.0356,0.0
0.76,103.969,0.701,0.185,0.69,0.0285,6.54e-05
0.604,159.92,0.561,0.104,0.242,0.0337,1.9e-05
0.882,148.038,0.569,0.142,0.201,0.06,0.0
0.601,123.994,0.635,0.11,0.332,0.0295,0.0
0.757,139.982,0.742,0.305,0.957,0.0421,0.0
0.472,101.061,0.898,0.141,0.214,0.0776,0.0
0.583,181.489,0.432,0.0933,0.544,0.0687,0.0
0.709,81.012,0.722,0.0804,0.604,0.0273,0.0
0.782,119.992,0.727,0.225,0.655,0.042,0.336
0.745,180.098,0.464,0.363,0.262,0.161,0.0
0.586,107.071,0.669,0.104,0.579,0.054,0.0
0.965,128.04,0.561,0.371,0.304,0.0343,7.07e-06
0.544,132.052,0.571,0.322,0.216,0.0299,0.00805
0.854,140.515,0.477,0.065,0.314,0.275,0.0
0.471,105.029,0.472,0.14,0.219,0.0603,0.0
0.667,130.019,0.776,0.0761,0.618,0.0983,0.3
0.946,151.647,0.599,0.0826,0.747,0.0447,0.0106
0.855,127.986,0.638,0.245,0.731,0.0264,0.0
0.642,179.974,0.745,0.0658,0.226,0.287,0.0
0.829,139.198,0.476,0.167,0.505,0.0658,0.00916
0.552,144.941,0.64,0.119,0.112,0.129,0.0
0.453,139.943,0.915,0.104,0.287,0.27,0.000163
0.787,119.996,0.704,0.159,0.31,0.0462,0.00538
0.618,126.031,0.853,0.0972,0.32,0.0923,0.89
0.751,129.994,0.701,0.15,0.22,0.0502,0.0
0.957,126.035,0.804,0.114,0.962,0.034,0.0174
0.457,146.04,0.592,0.146,0.225,0.0603,0.000331
0.792,100.011,0.687,0.167,0.671,0.0452,0.0
0.676,162.012,0.814,0.119,0.312,0.231,1.28e-05
0.522,89.96,0.755,0.0685,0.925,0.0575,0.0
0.622,130.001,0.847,0.285,0.22,0.0903,0.0
0.668,90.969,0.646,0.212,0.64,0.0282,0.0
0.733,172.09,0.625,0.375,0.244,0.0488,0.000983
0.642,83.389,0.463,0.0686,0.339,0.34,0.0
0.761,129.963,0.634,0.549,0.785,0.0472,0.0
0.537,128.009,0.921,0.102,0.711,0.0804,0.00404
0.745,165.995,0.808,0.292,0.829,0.342,0.0
0.741,120.064,0.771,0.111,0.19,0.0374,0.000163
0.727,130.035,0.887,0.213,0.932,0.135,1.16e-06
0.95,150.019,0.673,0.398,0.563,0.0488,0.0823
0.62,120.042,0.857,0.0934,0.796,0.0472,0.244
0.887,127.003,0.936,0.0582,0.889,0.0683,1.88e-06
0.646,115.842,0.645,0.074,0.295,0.0427,3.04e-05
0.586,116.971,0.896,0.79,0.642,0.0559,0.0
0.558,104.983,0.943,0.0937,0.606,0.0568,2.19e-06
0.75,155.096,0.732,0.109,0.401,0.231,0.0
0.764,140.113,0.882,0.119,0.886,0.204,0.0
0.632,121.031,0.762,0.18,0.282,0.085,0.000205
0.512,80.511,0.829,0.12,0.638,0.187,0.0
0.716,91.007,0.701,0.324,0.732,0.0361,0.0
0.773,129.923,0.681,0.0978,0.504,0.0345,0.734
0.673,165.921,0.529,0.093,0.366,0.175,2.41e-06
0.583,116.624,0.709,0.195,0.533,0.204,2.97e-06
0.797,122.011,0.702,0.179,0.0356,0.0557,0.495
0.681,139.057,0.918,0.0615,0.706,0.201,0.0
0.753,127.926,0.671,0.177,0.543,0.0298,1.29e-05
0.761,146.003,0.62,0.269,0.194,0.175,0.000147
0.452,90.026,0.904,0.115,0.613,0.132,0.0
0.512,96.02,0.803,0.0928,0.435,0.066,0.0
0.643,139.948,0.831,0.084,0.142,0.11,0.0
0.567,75.965,0.574,0.258,0.526,0.465,0.0
0.593,120.509,0.565,0.215,0.429,0.0883,0.0
0.83,75.023,0.767,0.0582,0.187,0.206,0.836
0.523,169.982,0.628,0.219,0.416,0.0946,0.00274
0.934,88.009,0.777,0.275,0.637,0.254,3.86e-05
0.927,109.952,0.755,0.0567,0.702,0.0645,0.925
0.62,117.038,0.741,0.0398,0.934,0.0412,0.000809
0.64,130.051,0.537,0.157,0.222,0.104,0.878
0.963,130.028,0.817,0.312,0.502,0.0353,0.767
0.556,99.974,0.864,0.112,0.726,0.194,3.85e-06
0.803,130.028,0.877,0.087,0.795,0.0507,0.056
0.573,140.04,0.911,0.403,0.972,0.288,0.0
0.629,130.017,0.848,0.049,0.586,0.0424,0.18
0.777,108.005,0.58,0.342,0.589,0.0655,0.0
0.539,158.105,0.65,0.114,0.253,0.0561,2.67e-05
0.672,136.902,0.673,0.193,0.14,0.224,0.000284
0.818,125.952,0.687,0.248,0.886,0.0778,0.0
0.687,123.01,0.755,0.125,0.381,0.101,0.000177
0.919,151.221,0.83,0.0757,0.848,0.145,0.748
0.738,130.0,0.593,0.292,0.591,0.0351,0.968
0.81,150.251,0.613,0.137,0.686,0.488,0.899
0.967,149.036,0.628,0.274,0.399,0.0485,4.67e-05
0.897,129.975,0.686,0.153,0.355,0.0386,0.103
0.793,120.003,0.696,0.18,0.698,0.097,3.78e-06
0.781,128.001,0.805,0.0598,0.818,0.0434,0.302
0.848,135.048,0.721,0.097,0.774,0.0266,2.11e-06
0.742,114.071,0.773,0.0754,0.571,0.046,0.0
0.527,77.499,0.824,0.368,0.212,0.118,0.0
0.655,163.997,0.475,0.375,0.245,0.33,0.0
0.895,125.985,0.762,0.204,0.757,0.0734,0.142
0.915,154.964,0.737,0.084,0.304,0.0412,2.58e-05
0.85,106.036,0.815,0.0245,0.694,0.113,0.000143
0.546,118.051,0.76,0.103,0.113,0.0616,0.924
0.86,146.441,0.585,0.18,0.607,0.116,0.000142
0.636,75.486,0.654,0.412,0.267,0.0845,0.0
0.765,145.988,0.588,0.2,0.492,0.0518,3.23e-05
0.758,165.409,0.681,0.555,0.331,0.188,0.0
0.683,145.379,0.501,0.0685,0.623,0.211,9.25e-05
0.819,110.14,0.726,0.27,0.636,0.106,9.65e-05
0.529,112.014,0.782,0.413,0.44,0.0592,1.42e-06
0.634,101.837,0.502,0.188,0.645,0.144,0.0341
0.841,147.989,0.754,0.0903,0.838,0.0921,0.0
0.814,93.482,0.683,0.0858,0.758,0.0466,0.00826
0.792,113.981,0.749,0.0712,0.903,0.0402,1.63e-05
0.705,197.98,0.374,0.14,0.718,0.145,0.0
0.648,93.2,0.737,0.105,0.746,0.138,6.92e-06
0.719,113.012,0.897,0.0677,0.546,0.157,0.000531
0.52,95.865,0.578,0.124,0.425,0.151,3.38e-06
0.651,67.813,0.49,0.108,0.567,0.138,7.59e-06
0.935,166.008,0.574,0.367,0.836,0.0926,1.07e-06
0.941,101.921,0.577,0.0891,0.292,0.105,3.36e-06
0.794,149.923,0.531,0.082,0.775,0.0964,0.0
0.898,151.99,0.479,0.297,0.639,0.169,0.0
0.822,157.013,0.853,0.166,0.746,0.246,0.00985
0.905,141.131,0.545,0.182,0.735,0.0684,0.0
0.571,101.955,0.695,0.118,0.726,0.111,3.58e-06
0.811,139.959,0.693,0.106,0.944,0.0313,0.0
0.808,115.063,0.576,0.127,0.172,0.0407,0.0
0.951,169.955,0.436,0.149,0.428,0.202,0.0
0.514,82.05,0.829,0.231,0.757,0.0531,1.45e-06
0.836,105.173,0.543,0.153,0.56,0.0353,0.431
0.908,159.756,0.285,0.311,0.669,0.0705,0.00909
0.704,118.242,0.43,0.0933,0.703,0.0804,0.00221
0.934,127.066,0.417,0.132,0.287,0.119,0.0015
0.891,92.049,0.283,0.159,0.226,0.178,0.0038
0.695,102.178,0.437,0.124,0.413,0.0617,0.0857
0.763,148.366,0.365,0.0865,0.342,0.0591,0.000457
0.908,114.816,0.415,0.082,0.437,0.0765,0.0345
0.982,143.772,0.354,0.204,0.194,0.168,0.000294
0.828,123.257,0.577,0.0581,0.604,0.0298,0.0114
0.916,118.004,0.58,0.126,0.683,0.0387,0.0259
0.898,103.299,0.353,0.39,0.525,0.052,0.105
0.963,125.033,0.59,0.0781,0.586,0.0676,0.000105
0.949,129.984,0.554,0.2,0.233,0.0787,9.98e-05
0.781,71.841,0.443,0.166,0.372,0.0377,0.205
0.714,107.441,0.567,0.186,0.191,0.0302,0.417
0.821,94.895,0.669,0.147,0.684,0.29,0.0
0.72,103.314,0.916,0.0958,0.761,0.1,0.00016
0.661,76.71,0.836,0.449,0.753,0.338,0.0
0.733,95.107,0.883,0.334,0.946,0.128,0.00026
0.463,124.084,0.929,0.0634,0.755,0.308,5.3e-06
0.775,93.431,0.816,0.0543,0.527,0.234,0.00031
0.697,93.941,0.901,0.287,0.67,0.28,0.0
0.505,99.935,0.535,0.0923,0.495,0.245,0.0
0.63,95.0,0.874,0.0582,0.717,0.298,0.00479
0.786,93.857,0.763,0.0817,0.504,0.229,0.0114
0.706,174.039,0.584,0.125,0.579,0.366,0.0
0.62,94.121,0.9,0.0647,0.867,0.312,0.00156
0.818,96.063,0.889,0.179,0.782,0.253,0.0
0.821,94.895,0.669,0.147,0.684,0.29,0.0
0.514,181.033,0.512,0.126,0.565,0.387,0.00958
0.611,102.304,0.897,0.0894,0.769,0.211,0.186
0.734,97.044,0.918,0.191,0.608,0.269,8.01e-06
0.91,84.099,0.665,0.227,0.887,0.223,0.0
0.735,101.368,0.934,0.107,0.768,0.251,8.6e-06
0.54,84.115,0.773,0.131,0.322,0.103,0.0
0.703,94.828,0.813,0.237,0.241,0.268,1.26e-06
0.884,104.536,0.845,0.203,0.904,0.0759,2.1e-06
0.666,96.662,0.848,0.129,0.744,0.274,0.000699
0.732,172.329,0.598,0.508,0.595,0.425,0.0
0.767,127.361,0.532,0.39,0.755,0.0574,0.000513
0.795,112.067,0.645,0.104,0.535,0.0527,0.00389
0.802,119.25,0.491,0.387,0.472,0.0392,0.0
0.373,92.718,0.671,0.0481,0.732,0.0323,8.01e-05
0.7,188.386,0.31,0.0828,0.763,0.047,0.00965
0.942,148.723,0.527,0.188,0.495,0.0366,0.0
0.959,122.805,0.541,0.344,0.812,0.0505,2.18e-06
0.834,139.13,0.509,0.0732,0.774,0.0386,0.0
0.836,113.375,0.743,0.384,0.82,0.116,0.0
0.712,113.805,0.671,0.103,0.462,0.0476,0.0
0.716,94.379,0.535,0.659,0.901,0.0431,0.0
0.932,122.431,0.631,0.0918,0.971,0.0354,0.137
0.835,129.981,0.572,0.0702,0.795,0.0317,0.000377
0.449,84.383,0.623,0.0613,0.573,0.0253,0.0
0.843,117.662,0.529,0.0608,0.188,0.0616,0.000827
0.873,106.767,0.389,0.273,0.303,0.0475,0.0055
0.768,81.909,0.558,0.124,0.429,0.0343,0.0626
0.549,176.941,0.516,0.184,0.907,0.0373,0.00572
0.758,112.113,0.489,0.092,0.435,0.0297,0.49
0.952,122.093,0.398,0.1,0.584,0.061,7.75e-05
0.478,114.02,0.766,0.165,0.965,0.0329,2.49e-06
0.953,84.989,0.267,0.283,0.568,0.096,0.0
0.803,150.036,0.253,0.309,0.258,0.0392,0.0146
0.978,141.167,0.526,0.0744,0.451,0.108,4.75e-05
0.811,126.59,0.561,0.287,0.635,0.0265,3.66e-05
0.872,129.885,0.797,0.284,0.866,0.0575,0.0
0.908,159.756,0.285,0.311,0.669,0.0705,0.00909
0.528,109.975,0.932,0.163,0.757,0.161,0.329
0.812,127.568,0.691,0.299,0.685,0.0558,1.16e-06
0.93,190.818,0.398,0.0874,0.725,0.0615,0.121
0.942,97.909,0.511,0.139,0.498,0.0429,1.87e-05
0.899,152.445,0.475,0.14,0.603,0.0637,1.91e-05
0.96,131.707,0.469,0.334,0.37,0.0629,1.81e-06
0.96,117.486,0.574,0.121,0.978,0.032,0.0
0.58,127.402,0.741,0.212,0.944,0.0304,3.61e-05
0.763,148.366,0.365,0.0865,0.342,0.0591,0.000457
0.804,111.457,0.591,0.0818,0.658,0.0454,5.98e-06
0.427,119.18,0.753,0.058,0.295,0.0387,0.00065
0.506,140.309,0.799,0.0365,0.518,0.0606,0.00107
0.737,125.447,0.785,0.108,0.971,0.0363,0.000107
0.846,107.01,0.659,0.203,0.659,0.0274,0.0144
0.833,142.663,0.553,0.0737,0.773,0.0347,0.00246
0.858,133.615,0.503,0.0803,0.419,0.0657,0.00234
0.632,140.176,0.531,0.364,0.294,0.0312,1.14e-05
0.691,119.96,0.823,0.1,0.707,0.197,1.73e-06
0.78,134.937,0.724,0.139,0.72,0.354,0.0
0.693,87.973,0.702,0.0702,0.572,0.191,0.0
0.926,105.969,0.682,0.19,0.86,0.0607,0.0
0.628,140.053,0.668,0.0293,0.568,0.046,0.0
0.747,120.073,0.745,0.0738,0.363,0.0815,1.69e-06
0.786,91.992,0.695,0.109,0.465,0.0666,1.41e-06
0.597,170.022,0.77,0.239,0.875,0.223,0.0
0.782,108.038,0.875,0.113,0.906,0.078,0.0
0.895,124.994,0.803,0.154,0.757,0.0623,5.67e-06
0.728,140.041,0.774,0.0473,0.461,0.169,0.0
0.5,101.959,0.871,0.0672,0.76,0.103,3.49e-06
0.774,109.945,0.801,0.0968,0.383,0.157,0.0
0.872,131.016,0.644,0.363,0.378,0.0417,0.0
0.592,157.969,0.521,0.122,0.535,0.0304,0.0
0.783,149.027,0.777,0.355,0.939,0.26,0.0
0.507,104.978,0.747,0.117,0.438,0.0358,0.0608
0.808,108.548,0.554,0.159,0.372,0.0368,0.0
0.756,116.034,0.66,0.193,0.838,0.032,0.0
0.711,146.921,0.487,0.152,0.317,0.0322,0.0
0.413,94.938,0.494,0.193,0.273,0.0254,6.72e-05
0.907,112.964,0.674,0.297,0.721,0.064,0.0
0.651,112.648,0.694,0.0787,0.471,0.0784,1.36e-05
0.247,148.101,0.467,0.17,0.126,0.0431,0.000271
0.776,103.963,0.699,0.205,0.708,0.0293,5.36e-06
0.722,119.973,0.769,0.111,0.57,0.0507,2.56e-06
0.582,116.712,0.7,0.0881,0.785,0.0356,0.0
0.563,105.008,0.833,0.139,0.343,0.204,1.27e-05
0.627,150.273,0.336,0.0708,0.35,0.0384,0.0
0.598,107.732,0.733,0.156,0.935,0.0278,3.71e-06
0.471,105.029,0.472,0.14,0.219,0.0603,0.0
0.668,128.027,0.924,0.0678,0.787,0.0469,0.000594
0.872,184.115,0.466,0.121,0.806,0.0336,0.0
0.586,107.015,0.675,0.104,0.621,0.0531,0.0
0.406,115.94,0.53,0.133,0.338,0.033,0.0
0.369,174.097,0.448,0.638,0.0998,0.0452,0.272
0.627,155.865,0.687,0.0893,0.47,0.181,0.0
0.807,124.053,0.612,0.101,0.398,0.0336,0.0177
0.417,67.528,0.464,0.0974,0.479,0.0256,0.022
0.604,159.92,0.561,0.104,0.242,0.0337,1.9e-05
0.559,78.558,0.558,0.109,0.62,0.0959,7.49e-06
0.661,173.372,0.429,0.234,0.285,0.0281,0.000121
0.812,80.09,0.505,0.444,0.664,0.461,0.0
0.56,134.066,0.853,0.0944,0.86,0.0406,0.0
0.698,143.994,0.726,0.309,0.867,0.0431,0.0
0.727,94.99,0.739,0.104,0.676,0.0426,0.0
0.555,96.063,0.392,0.13,0.191,0.039,0.000253
0.52,120.001,0.672,0.115,0.37,0.0353,0.0
0.47,67.086,0.598,0.505,0.879,0.0496,0.0
0.64,84.828,0.264,0.151,0.19,0.0442,2.31e-06
0.841,109.021,0.635,0.0622,0.424,0.0422,0.0
0.706,80.969,0.722,0.067,0.599,0.0292,0.0
0.757,142.579,0.482,0.143,0.12,0.0355,0.0016
0.715,155.925,0.315,0.0942,0.497,0.0362,7.97e-06
0.864,105.143,0.556,0.209,0.4,0.0584,0.0
0.643,117.025,0.74,0.0407,0.96,0.0413,0.00229
0.725,130.504,0.633,0.205,0.64,0.0427,0.0
0.731,101.654,0.483,0.151,0.484,0.0381,0.0
0.928,127.939,0.571,0.297,0.488,0.0453,0.0
0.513,109.935,0.745,0.216,0.929,0.087,0.0
0.689,120.208,0.724,0.0922,0.936,0.0524,6.77e-06
0.621,191.868,0.525,0.291,0.592,0.117,0.0
0.424,119.705,0.754,0.0652,0.806,0.0363,0.0
0.646,115.842,0.645,0.074,0.295,0.0427,3.04e-05
0.789,91.911,0.757,0.0717,0.464,0.0583,0.0
0.778,96.057,0.911,0.179,0.345,0.262,2.16e-05
0.786,111.989,0.781,0.107,0.759,0.0885,5.88e-06
0.411,169.934,0.584,0.0955,0.412,0.0838,4.47e-05
0.804,110.982,0.82,0.064,0.844,0.0528,0.00215
0.522,110.427,0.75,0.0743,0.601,0.0293,0.0
0.888,130.97,0.617,0.162,0.771,0.0402,0.0
0.856,123.031,0.748,0.142,0.927,0.0348,0.0
0.673,92.06,0.453,0.131,0.266,0.144,0.0
0.686,79.928,0.647,0.528,0.268,0.0413,1.34e-06
0.595,108.02,0.777,0.0669,0.546,0.0375,0.00139
0.588,142.004,0.872,0.17,0.93,0.0492,0.0
0.498,122.016,0.876,0.143,0.428,0.0478,0.0
0.69,151.991,0.839,0.176,0.744,0.0615,8.33e-06
0.616,103.071,0.797,0.0979,0.451,0.375,0.000293
0.516,111.005,0.87,0.11,0.53,0.0541,0.00823
0.543,139.929,0.84,0.128,0.74,0.0568,0.0
0.623,130.037,0.919,0.0609,0.775,0.0992,1.63e-05
0.782,128.033,0.621,0.23,0.55,0.044,0.033
0.524,83.97,0.653,0.203,0.553,0.0502,0.0
0.586,189.978,0.326,0.0787,0.295,0.0605,0.0
0.662,93.976,0.892,0.363,0.607,0.162,1.24e-06
0.724,83.118,0.569,0.27,0.562,0.0474,0.0
0.421,98.224,0.537,0.138,0.524,0.0285,0.0
0.665,100.09,0.858,0.119,0.659,0.152,0.0
0.534,93.924,0.832,0.165,0.116,0.253,0.0
0.542,135.14,0.926,0.0877,0.564,0.293,0.0
0.73,155.008,0.834,0.124,0.446,0.222,0.0
0.564,77.972,0.856,0.134,0.483,0.392,0.0
0.576,166.162,0.77,0.08,0.364,0.339,0.0
0.716,91.007,0.701,0.324,0.732,0.0361,0.0
0.658,140.042,0.8,0.111,0.462,0.079,0.0
0.882,148.038,0.569,0.142,0.201,0.06,0.0
0.662,112.509,0.897,0.534,0.39,0.292,0.0
0.346,119.957,0.963,0.108,0.562,0.53,0.0
0.524,140.053,0.747,0.2,0.363,0.245,0.0
0.444,140.063,0.906,0.173,0.678,0.384,6.44e-05
0.639,168.112,0.772,0.0698,0.261,0.467,0.0
0.487,127.05,0.964,0.115,0.108,0.421,6.07e-06
0.347,75.016,0.884,0.0871,0.376,0.35,7e-06
0.619,127.956,0.962,0.083,0.154,0.405,0.0
0.395,76.984,0.793,0.109,0.128,0.385,1.4e-05
0.353,87.997,0.797,0.102,0.0731,0.369,0.0
0.516,119.996,0.877,0.143,0.255,0.0706,0.0
0.744,84.005,0.867,0.0713,0.645,0.227,0.0
0.515,120.1,0.567,0.078,0.321,0.247,0.0
0.463,108.003,0.97,0.151,0.46,0.366,0.0
0.662,143.943,0.767,0.123,0.259,0.0578,0.0
0.622,130.001,0.847,0.285,0.22,0.0903,0.0
0.701,134.039,0.71,0.178,0.564,0.0317,0.0
0.727,150.062,0.477,0.108,0.227,0.286,0.0
0.48,143.029,0.846,0.0989,0.419,0.359,0.0
0.651,163.935,0.665,0.0896,0.237,0.156,0.0
0.692,79.899,0.623,0.153,0.566,0.0504,0.0
0.572,141.996,0.823,0.113,0.568,0.0865,0.0
0.613,149.972,0.65,0.267,0.0804,0.128,0.0
0.529,161.989,0.671,0.0856,0.203,0.307,0.000335
0.736,147.946,0.776,0.159,0.233,0.247,0.0
0.801,104.986,0.778,0.0912,0.914,0.106,0.000155
0.819,110.14,0.726,0.27,0.636,0.106,9.65e-05
0.651,67.813,0.49,0.108,0.567,0.138,7.59e-06
0.653,150.097,0.547,0.103,0.163,0.081,0.0
0.552,144.941,0.64,0.119,0.112,0.129,0.0
0.552,119.476,0.765,0.193,0.492,0.309,0.0
0.764,140.113,0.882,0.119,0.886,0.204,0.0
0.634,101.837,0.502,0.188,0.645,0.144,0.0341
0.64,112.984,0.869,0.0747,0.535,0.0424,0.00119
0.719,113.012,0.897,0.0677,0.546,0.157,0.000531
0.668,87.973,0.573,0.109,0.145,0.0467,4.01e-05
0.52,95.865,0.578,0.124,0.425,0.151,3.38e-06
0.841,147.989,0.754,0.0903,0.838,0.0921,0.0
0.683,145.379,0.501,0.0685,0.623,0.211,9.25e-05
0.648,93.2,0.737,0.105,0.746,0.138,6.92e-06
0.541,139.978,0.716,0.115,0.387,0.149,0.0
0.874,118.079,0.774,0.413,0.927,0.0488,0.34
0.52,120.001,0.672,0.115,0.37,0.0353,0.0
0.366,141.981,0.604,0.133,0.13,0.0282,0.0
0.422,119.964,0.53,0.107,0.349,0.0342,0.0
0.264,119.93,0.422,0.132,0.331,0.0322,0.0
0.547,95.0,0.778,0.132,0.442,0.0489,0.000306
0.706,122.013,0.663,0.115,0.474,0.0383,0.0
0.779,173.799,0.468,0.101,0.26,0.0779,0.000373
0.661,173.372,0.429,0.234,0.285,0.0281,0.000121
0.454,159.982,0.689,0.0707,0.912,0.0584,0.00259
0.715,155.925,0.315,0.0942,0.497,0.0362,7.97e-06
0.5,117.896,0.664,0.0966,0.801,0.0651,0.0
0.28,72.795,0.612,0.088,0.387,0.0434,0.0
0.663,121.07,0.6,0.119,0.286,0.0477,0.0
0.537,122.769,0.445,0.0944,0.131,0.04,1.65e-05
0.635,103.019,0.617,0.164,0.446,0.0317,1.44e-05
0.296,115.284,0.351,0.095,0.12,0.0333,0.0
0.697,138.992,0.74,0.224,0.732,0.034,0.0
0.652,95.977,0.825,0.0931,0.931,0.0802,0.0
0.192,175.212,0.369,0.0954,0.148,0.04,8.35e-06
0.841,109.021,0.635,0.0622,0.424,0.0422,0.0
0.557,85.043,0.358,0.0902,0.494,0.059,0.0
0.607,81.001,0.684,0.191,0.498,0.1,0.000307
0.448,95.05,0.599,0.106,0.168,0.0232,0.0
0.442,146.277,0.557,0.11,0.213,0.0243,1.46e-05
0.552,75.881,0.346,0.114,0.0789,0.0282,0.0
0.822,167.997,0.604,0.147,0.288,0.0438,0.134
0.543,68.534,0.359,0.118,0.453,0.0919,1.58e-05
0.763,120.042,0.695,0.0863,0.551,0.0396,0.00242
0.425,102.078,0.357,0.322,0.27,0.0333,0.0
0.741,153.96,0.601,0.415,0.441,0.0478,2.91e-05
0.713,120.032,0.742,0.059,0.879,0.0303,0.0
0.379,107.989,0.614,0.0986,0.201,0.0476,0.000464
0.754,149.789,0.752,0.0486,0.755,0.0615,0.0
0.417,138.178,0.209,0.113,0.124,0.0338,0.00196
0.603,97.994,0.712,0.115,0.67,0.0262,0.0
0.574,111.881,0.459,0.0885,0.183,0.0577,0.0
0.648,96.888,0.633,0.161,0.49,0.062,2.62e-06
0.776,77.987,0.585,0.3,0.427,0.0459,7.74e-06
0.585,139.631,0.449,0.0833,0.212,0.0268,8.75e-05
0.327,91.05,0.775,0.0821,0.595,0.0557,0.0
0.445,78.998,0.781,0.184,0.591,0.0295,0.0
0.638,79.064,0.481,0.154,0.497,0.0276,0.0
0.845,110.056,0.671,0.329,0.775,0.048,0.0
0.797,139.994,0.704,0.0546,0.825,0.0475,0.000745
0.628,103.998,0.674,0.0944,0.552,0.03,0.0
0.862,95.051,0.712,0.093,0.809,0.0378,0.0
0.473,119.992,0.765,0.391,0.34,0.0514,0.0
0.465,89.087,0.449,0.303,0.543,0.0791,1.02e-06
0.798,116.032,0.796,0.0952,0.942,0.0317,4.19e-05
0.53,108.038,0.63,0.177,0.417,0.0434,0.0
0.55,101.19,0.551,0.202,0.342,0.0286,0.0
0.663,102.0,0.651,0.0994,0.465,0.0281,0.0
0.401,111.825,0.677,0.116,0.195,0.0308,0.0
0.699,114.481,0.85,0.32,0.915,0.0776,0.0
0.764,169.928,0.591,0.103,0.478,0.0483,0.0
0.45,178.765,0.597,0.382,0.537,0.0418,0.0
0.82,144.905,0.621,0.104,0.452,0.0367,0.0
0.174,112.672,0.681,0.0983,0.231,0.0315,3.35e-05
0.488,136.07,0.752,0.0936,0.533,0.0705,9.2e-06
0.738,119.976,0.721,0.118,0.637,0.0403,4.41e-06
0.902,100.012,0.673,0.0558,0.536,0.0346,0.000227
0.788,120.076,0.748,0.0863,0.884,0.0334,0.0
0.657,107.01,0.753,0.112,0.437,0.0449,0.0
0.342,102.819,0.516,0.21,0.0993,0.0425,0.0
0.794,114.066,0.601,0.418,0.244,0.0671,1.36e-06
0.673,203.812,0.492,0.137,0.488,0.0347,0.0
0.426,84.876,0.674,0.132,0.337,0.122,0.0
0.656,104.036,0.638,0.146,0.225,0.0357,0.0
0.825,94.931,0.56,0.161,0.268,0.0379,0.0
0.792,119.054,0.627,0.0845,0.415,0.031,3.97e-06
0.54,116.947,0.759,0.0945,0.75,0.0287,0.0
0.683,159.878,0.515,0.392,0.572,0.0371,2.64e-06
0.444,150.96,0.703,0.0973,0.712,0.0417,0.0
0.719,112.027,0.558,0.115,0.371,0.0267,0.0
0.495,129.062,0.864,0.0992,0.72,0.037,0.000133
0.706,92.513,0.482,0.105,0.144,0.0607,0.00106
0.495,103.375,0.694,0.0644,0.799,0.0329,0.00351
0.586,126.684,0.553,0.0813,0.443,0.0362,0.0
0.903,74.988,0.52,0.254,0.652,0.042,0.0
0.331,72.023,0.459,0.135,0.271,0.0421,0.00104
0.714,175.924,0.564,0.155,0.33,0.129,0.0
0.798,120.012,0.719,0.134,0.591,0.0361,2.34e-06
0.588,113.608,0.491,0.0906,0.193,0.0506,2.01e-06
0.71,89.929,0.5,0.329,0.419,0.0339,0.00025
0.445,50.827,0.286,0.114,0.278,0.0347,0.0
0.415,114.145,0.728,0.0616,0.455,0.0639,0.0
0.632,147.873,0.494,0.0869,0.0797,0.0342,0.0
0.473,75.801,0.464,0.109,0.604,0.129,0.0
0.72,79.983,0.508,0.0563,0.472,0.0628,0.0
0.638,184.086,0.378,0.0849,0.735,0.075,7.66e-05
0.549,90.04,0.644,0.134,0.167,0.0285,8.85e-06
0.725,123.28,0.49,0.0983,0.335,0.0392,2.68e-05
0.63,89.991,0.654,0.111,0.43,0.0259,0.0
0.316,118.582,0.398,0.295,0.174,0.0368,0.0
0.922,130.007,0.666,0.0867,0.758,0.0352,0.0
0.348,74.541,0.349,0.12,0.0886,0.0316,0.0
0.787,117.089,0.399,0.0685,0.572,0.0499,6.07e-05
0.465,113.81,0.6,0.149,0.0682,0.0314,1.48e-06
0.698,143.994,0.726,0.309,0.867,0.0431,0.0
0.587,186.003,0.679,0.137,0.486,0.276,6.35e-06
0.669,112.238,0.908,0.237,0.662,0.0738,0.0
0.652,95.977,0.825,0.0931,0.931,0.0802,0.0
0.939,129.024,0.671,0.298,0.53,0.161,0.0
0.902,84.412,0.573,0.0928,0.876,0.054,0.00125
0.824,100.024,0.778,0.405,0.758,0.0707,0.0
0.791,105.018,0.894,0.0388,0.583,0.112,0.0
0.866,128.038,0.578,0.257,0.619,0.0619,0.0
0.887,122.509,0.532,0.294,0.794,0.0335,0.000206
0.783,124.08,0.532,0.161,0.643,0.0523,0.0012
0.838,143.04,0.774,0.242,0.924,0.114,0.025
0.711,125.135,0.692,0.12,0.875,0.0317,0.0
0.837,120.028,0.755,0.289,0.714,0.142,0.0
0.76,99.947,0.655,0.299,0.409,0.045,0.0
0.87,100.804,0.543,0.792,0.754,0.0428,0.000939
0.823,128.035,0.646,0.322,0.418,0.0394,0.0
0.807,114.742,0.729,0.319,0.765,0.0936,0.75
0.963,129.992,0.581,0.139,0.788,0.0981,0.0
0.835,125.983,0.527,0.249,0.654,0.0433,0.0
0.861,119.963,0.663,0.082,0.654,0.109,0.0
0.699,92.96,0.759,0.443,0.907,0.0307,0.000131
0.806,94.948,0.843,0.0771,0.613,0.269,0.0
0.806,119.001,0.851,0.121,0.774,0.0787,1.72e-06
0.802,124.022,0.721,0.694,0.724,0.0583,0.0
0.856,127.949,0.596,0.141,0.743,0.0346,0.0178
0.824,118.818,0.709,0.0888,0.867,0.0453,0.000307
0.869,159.805,0.533,0.136,0.425,0.173,0.00538
0.844,113.324,0.788,0.0723,0.382,0.0334,0.000678
0.803,106.97,0.818,0.153,0.632,0.0797,0.0
0.799,120.372,0.71,0.349,0.725,0.0328,0.000602
0.834,139.13,0.509,0.0732,0.774,0.0386,0.0
0.795,89.99,0.646,0.267,0.796,0.0976,0.0
0.58,120.021,0.782,0.108,0.66,0.0407,2.28e-06
0.882,102.04,0.742,0.206,0.463,0.117,0.0
0.787,126.062,0.604,0.127,0.301,0.103,0.15
0.583,117.0,0.967,0.0519,0.964,0.0789,0.0
0.766,127.966,0.744,0.509,0.61,0.0265,0.0
0.567,125.02,0.845,0.0811,0.793,0.0956,0.00142
0.669,122.669,0.834,0.0535,0.547,0.0637,7.18e-05
0.864,110.009,0.768,0.162,0.891,0.0324,0.0
0.761,128.046,0.722,0.315,0.624,0.0475,0.0
0.834,95.053,0.751,0.355,0.894,0.0437,1.77e-05
0.501,144.438,0.5,0.26,0.623,0.0376,0.0
0.739,118.99,0.822,0.181,0.745,0.0311,4.28e-05
0.857,128.024,0.414,0.343,0.348,0.0808,0.00574
0.574,125.18,0.613,0.38,0.755,0.467,3.13e-05
0.491,119.528,0.749,0.159,0.536,0.0403,0.00899
0.84,129.042,0.612,0.116,0.438,0.0509,0.0
0.815,123.063,0.636,0.163,0.636,0.0581,0.0
0.714,100.972,0.892,0.0521,0.817,0.141,0.000234
0.814,124.921,0.707,0.168,0.717,0.0577,0.0
0.917,132.975,0.652,0.0509,0.459,0.0548,0.0
0.844,131.459,0.729,0.0604,0.777,0.0344,2.87e-06
0.563,126.007,0.766,0.115,0.964,0.0339,0.683
0.6,125.04,0.951,0.0712,0.822,0.0685,0.0
0.726,121.981,0.503,0.0895,0.529,0.167,7.98e-05
0.736,127.999,0.579,0.198,0.613,0.0527,0.0
0.777,130.003,0.73,0.0691,0.575,0.0496,0.000486
0.783,105.39,0.554,0.631,0.813,0.0457,1.54e-06
0.551,92.887,0.911,0.0863,0.969,0.045,4.35e-05
0.8,160.078,0.647,0.334,0.942,0.165,0.0
0.64,99.017,0.779,0.101,0.499,0.159,0.000766
0.808,126.041,0.72,0.0634,0.869,0.0379,0.0293
0.625,93.764,0.798,0.103,0.858,0.0548,7.98e-05
0.86,127.075,0.608,0.262,0.437,0.0554,0.0
0.811,116.047,0.794,0.101,0.862,0.038,1.07e-06
0.889,126.04,0.584,0.309,0.464,0.0343,0.828
0.654,117.046,0.92,0.036,0.847,0.0401,0.0153
0.758,135.956,0.673,0.341,0.542,0.158,0.0
0.716,94.379,0.535,0.659,0.901,0.0431,0.0
0.77,99.165,0.646,0.0715,0.681,0.226,0.0
0.927,123.962,0.631,0.148,0.465,0.0332,0.119
0.922,146.078,0.641,0.0862,0.847,0.0786,0.0
0.716,125.006,0.747,0.251,0.751,0.0751,0.0
0.646,88.634,0.867,0.279,0.67,0.288,0.0
0.87,109.901,0.597,0.0678,0.944,0.0371,0.166
0.869,127.966,0.616,0.064,0.473,0.0327,0.0
0.855,120.05,0.67,0.335,0.648,0.0499,0.0
0.748,137.547,0.749,0.469,0.827,0.0323,0.000443
0.738,117.656,0.731,0.214,0.958,0.0377,0.0
0.83,113.03,0.666,0.191,0.702,0.0751,0.0
0.756,131.715,0.802,0.0521,0.963,0.0349,0.00765
0.915,126.094,0.544,0.115,0.51,0.0841,0.000914
0.86,93.989,0.737,0.0574,0.656,0.0593,1.94e-06
0.851,126.885,0.722,0.108,0.452,0.0639,0.0
0.809,98.007,0.723,0.565,0.274,0.0625,0.00123
0.89,128.011,0.706,0.306,0.684,0.0688,0.00286
0.593,119.958,0.79,0.065,0.72,0.0776,0.00202
0.766,127.975,0.735,0.108,0.6,0.0383,0.00141
0.835,129.981,0.572,0.0702,0.795,0.0317,0.000377
0.872,126.05,0.56,0.371,0.682,0.14,6.98e-06
0.751,91.031,0.706,0.168,0.195,0.0708,0.0
0.702,129.948,0.686,0.204,0.29,0.0455,4.46e-05
0.861,128.99,0.704,0.0992,0.636,0.0493,0.0615
0.655,122.49,0.572,0.0901,0.392,0.0344,3.41e-06
0.7,101.875,0.85,0.244,0.724,0.0478,1.66e-06
0.807,174.06,0.622,0.306,0.892,0.408,0.0
0.697,122.746,0.613,0.332,0.476,0.133,0.0
0.648,125.035,0.869,0.126,0.9,0.0633,2.17e-05
0.843,117.662,0.529,0.0608,0.188,0.0616,0.000827
0.832,107.657,0.794,0.203,0.871,0.0407,1.14e-05
0.954,128.016,0.627,0.292,0.312,0.0425,0.000814
0.853,108.016,0.731,0.268,0.605,0.0363,0.0
0.842,111.038,0.625,0.181,0.26,0.0376,2.12e-05
0.842,132.032,0.706,0.0688,0.861,0.0417,0.0
0.928,172.656,0.614,0.0845,0.879,0.0516,0.00104
0.741,107.075,0.956,0.0615,0.911,0.124,0.0
0.675,107.064,0.684,0.242,0.924,0.0257,0.0
0.879,129.991,0.812,0.365,0.962,0.0397,0.224
0.711,110.621,0.975,0.0799,0.815,0.0632,0.000552
0.772,128.168,0.766,0.183,0.919,0.0353,0.0584
0.535,103.644,0.707,0.0884,0.641,0.0436,0.00615
0.833,95.487,0.715,0.164,0.612,0.108,0.0
0.821,118.881,0.878,0.183,0.947,0.089,0.0461
0.862,128.036,0.498,0.352,0.469,0.0588,0.00918
0.857,119.975,0.56,0.381,0.432,0.0384,0.0
0.495,104.409,0.737,0.0542,0.967,0.027,9.12e-06
0.699,122.987,0.811,0.148,0.733,0.114,1.38e-06
0.954,178.043,0.425,0.0555,0.933,0.0476,0.0
0.599,119.993,0.853,0.0759,0.843,0.0411,7.93e-06
0.931,113.026,0.753,0.234,0.767,0.0653,0.00696
0.837,126.342,0.597,0.839,0.447,0.375,0.00115
0.713,115.443,0.784,0.0904,0.97,0.0339,0.14
0.985,127.99,0.801,0.297,0.72,0.0647,6.86e-06
0.271,111.485,0.898,0.0461,0.742,0.091,0.00138
0.876,129.884,0.666,0.259,0.552,0.0414,0.0
0.76,129.996,0.702,0.132,0.696,0.0684,0.0
0.81,126.052,0.572,0.13,0.11,0.0558,6.53e-06
0.781,119.977,0.751,0.036,0.814,0.0862,0.0
0.952,122.093,0.398,0.1,0.584,0.061,7.75e-05
0.534,108.17,0.877,0.0441,0.89,0.15,1.67e-05
0.838,100.021,0.832,0.152,0.965,0.0421,0.0
0.868,131.468,0.704,0.206,0.808,0.0315,0.0
0.662,124.149,0.729,0.305,0.359,0.337,0.208
0.937,132.067,0.727,0.091,0.749,0.286,0.0
0.736,130.011,0.75,0.265,0.355,0.155,0.0
0.859,124.948,0.733,0.105,0.52,0.033,0.0645
0.786,96.987,0.808,0.0574,0.899,0.0447,0.0701
0.63,120.016,0.875,0.127,0.548,0.0994,2.47e-06
0.517,133.149,0.867,0.0864,0.862,0.088,0.000343
0.907,140.982,0.518,0.0838,0.961,0.0343,1.15e-05
0.936,131.986,0.729,0.0367,0.598,0.0776,0.000892
0.828,123.907,0.587,0.331,0.493,0.161,0.0
0.763,101.965,0.72,0.18,0.742,0.0523,0.0
0.748,125.896,0.503,0.343,0.356,0.0619,0.0
0.573,107.363,0.684,0.306,0.716,0.0261,0.028
0.805,127.808,0.69,0.095,0.799,0.0336,0.739
0.732,146.005,0.583,0.269,0.277,0.0459,9.57e-06
0.792,116.012,0.979,0.102,0.583,0.0388,7.71e-06
0.556,138.978,0.531,0.318,0.156,0.0252,0.00915
0.663,146.053,0.634,0.102,0.6,0.0331,0.124
0.394,96.192,0.421,0.0984,0.399,0.0277,4.74e-06
0.546,104.996,0.742,0.115,0.868,0.0315,0.38
0.486,163.9,0.687,0.115,0.792,0.0579,0.126
0.529,75.515,0.551,0.178,0.521,0.0517,0.0093
0.0867,129.989,0.696,0.108,0.349,0.0418,0.922
0.351,87.057,0.665,0.109,0.451,0.0276,0.819
0.585,102.331,0.75,0.155,0.584,0.0285,0.00552
0.286,71.123,0.587,0.214,0.302,0.0315,0.0288
0.382,155.901,0.541,0.304,0.343,0.035,0.000836
0.864,105.143,0.556,0.209,0.4,0.0584,0.0
0.872,184.115,0.466,0.121,0.806,0.0336,0.0
0.62,117.038,0.741,0.0398,0.934,0.0412,0.000809
0.568,107.849,0.614,0.0997,0.516,0.0276,0.0
0.532,85.03,0.548,0.217,0.405,0.0323,0.000263
0.767,96.483,0.592,0.127,0.328,0.027,0.00165
0.715,155.925,0.315,0.0942,0.497,0.0362,7.97e-06
0.713,74.989,0.645,0.113,0.566,0.0393,0.0
0.795,123.229,0.458,0.0756,0.513,0.0574,0.000202
0.935,120.092,0.627,0.147,0.287,0.0324,0.0
0.87,164.057,0.28,0.101,0.284,0.0592,0.00608
0.865,100.016,0.58,0.106,0.587,0.0313,0.0
0.941,119.783,0.502,0.553,0.124,0.0716,0.319
0.972,110.006,0.585,0.0707,0.585,0.0534,0.0
0.881,158.066,0.413,0.0805,0.364,0.0367,0.000308
0.808,117.971,0.493,0.0983,0.38,0.0362,0.0
0.742,159.779,0.268,0.626,0.416,0.0355,0.0
0.839,94.015,0.517,0.108,0.416,0.0287,0.000365
0.637,80.401,0.514,0.389,0.18,0.0363,2.27e-06
0.796,169.835,0.289,0.202,0.33,0.0494,2.61e-05
0.717,88.969,0.595,0.108,0.547,0.0295,0.00274
0.442,81.201,0.513,0.0878,0.243,0.0343,0.000838
0.911,108.0,0.615,0.0908,0.685,0.0278,0.00188
0.938,91.455,0.618,0.167,0.875,0.0456,0.0
0.684,77.15,0.36,0.34,0.2,0.0308,0.0
0.901,113.967,0.621,0.0875,0.744,0.0302,0.0
0.595,129.786,0.519,0.0762,0.237,0.0283,0.0
0.849,156.036,0.636,0.372,0.917,0.106,0.0
0.9,104.655,0.427,0.119,0.599,0.0499,1.75e-05
0.921,120.0,0.668,0.0877,0.782,0.0439,0.00517
0.944,105.338,0.394,0.298,0.265,0.0761,4.54e-06
0.652,173.008,0.274,0.108,0.1,0.0625,6.42e-05
0.905,128.019,0.602,0.117,0.411,0.0775,0.064
0.715,137.028,0.276,0.201,0.173,0.0432,0.000417
0.913,96.184,0.556,0.346,0.73,0.0437,8.59e-06
0.839,143.969,0.572,0.522,0.465,0.0377,0.00976
0.588,144.636,0.424,0.298,0.193,0.0278,4.95e-06
0.939,106.031,0.644,0.233,0.861,0.0456,0.0
0.486,119.955,0.556,0.164,0.243,0.0329,1.45e-06
0.842,100.127,0.297,0.0848,0.586,0.0488,9.1e-06
0.796,105.991,0.6,0.484,0.75,0.0275,5.2e-05
0.663,104.561,0.277,0.136,0.527,0.0377,0.00051
0.645,89.518,0.552,0.0424,0.588,0.0268,1.38e-06
0.584,170.411,0.509,0.384,0.685,0.057,9.96e-05
0.94,151.417,0.437,0.222,0.48,0.0426,0.000573
0.97,122.444,0.451,0.102,0.198,0.107,0.00355
0.945,91.906,0.51,0.0413,0.323,0.0804,4.8e-06
0.862,98.021,0.511,0.0939,0.361,0.0659,1.86e-06
0.812,82.002,0.417,0.189,0.419,0.0332,2.11e-05
0.872,184.115,0.466,0.121,0.806,0.0336,0.0
0.866,109.825,0.308,0.232,0.227,0.059,0.00141
0.964,140.817,0.445,0.0773,0.448,0.282,0.0132
0.908,114.816,0.415,0.082,0.437,0.0765,0.0345
0.836,105.173,0.543,0.153,0.56,0.0353,0.431
0.908,159.756,0.285,0.311,0.669,0.0705,0.00909
0.704,118.242,0.43,0.0933,0.703,0.0804,0.00221
0.934,127.066,0.417,0.132,0.287,0.119,0.0015
0.891,92.049,0.283,0.159,0.226,0.178,0.0038
0.695,102.178,0.437,0.124,0.413,0.0617,0.0857
0.763,148.366,0.365,0.0865,0.342,0.0591,0.000457
0.908,114.816,0.415,0.082,0.437,0.0765,0.0345
0.982,143.772,0.354,0.204,0.194,0.168,0.000294
0.828,123.257,0.577,0.0581,0.604,0.0298,0.0114
0.916,118.004,0.58,0.126,0.683,0.0387,0.0259
0.898,103.299,0.353,0.39,0.525,0.052,0.105
0.963,125.033,0.59,0.0781,0.586,0.0676,0.000105
0.949,129.984,0.554,0.2,0.233,0.0787,9.98e-05
0.781,71.841,0.443,0.166,0.372,0.0377,0.205
0.714,107.441,0.567,0.186,0.191,0.0302,0.417
0.776,77.987,0.585,0.3,0.427,0.0459,7.74e-06
0.954,143.85,0.465,0.573,0.458,0.044,5.38e-06
0.849,162.152,0.643,0.058,0.903,0.0526,0.0
0.691,100.008,0.718,0.0627,0.552,0.0387,0.0
0.887,119.974,0.606,0.337,0.903,0.0598,0.0
0.75,118.015,0.774,0.0808,0.927,0.0412,1.78e-05
0.906,172.977,0.517,0.113,0.731,0.0735,9.26e-06
0.883,93.41,0.45,0.293,0.328,0.0524,0.0
0.9,149.937,0.487,0.358,0.484,0.0482,0.0
0.406,151.95,0.457,0.117,0.208,0.0291,0.0
0.936,170.229,0.414,0.369,0.74,0.0758,0.0
0.939,177.751,0.494,0.139,0.893,0.126,0.0
0.893,104.031,0.61,0.021,0.673,0.0921,4.41e-05
0.923,136.01,0.602,0.0561,0.765,0.044,0.0
0.83,170.094,0.569,0.114,0.609,0.14,0.0
0.897,148.708,0.434,0.612,0.685,0.0488,0.0
0.814,104.98,0.546,0.0972,0.146,0.0314,0.0
0.943,94.612,0.331,0.242,0.296,0.0698,2.06e-06
0.926,149.976,0.578,0.14,0.877,0.0548,0.0127
0.781,110.024,0.655,0.0867,0.584,0.034,5.33e-06
0.682,167.06,0.496,0.0589,0.474,0.0294,2.94e-05
0.988,186.113,0.38,0.368,0.769,0.0639,7.86e-05
0.823,87.904,0.693,0.328,0.741,0.0726,0.0
0.563,137.715,0.452,0.143,0.209,0.0272,0.0
0.744,119.921,0.628,0.313,0.277,0.0379,0.0
0.946,103.408,0.494,0.398,0.741,0.0637,0.0
0.904,173.734,0.486,0.0947,0.786,0.0638,2.83e-05
0.932,92.956,0.545,0.127,0.464,0.0399,0.0
0.873,143.519,0.308,0.0974,0.686,0.0533,0.000729
0.892,154.844,0.46,0.106,0.59,0.0619,0.0
0.857,111.647,0.463,0.184,0.856,0.0632,0.0
0.914,196.482,0.403,0.065,0.626,0.142,0.0
0.951,157.663,0.391,0.0878,0.468,0.0688,0.000446
0.705,138.559,0.818,0.613,0.772,0.177,0.00233
0.94,179.722,0.21,0.269,0.255,0.123,0.0
0.87,164.057,0.28,0.101,0.284,0.0592,0.00608
0.818,119.965,0.695,0.0219,0.916,0.0334,4.87e-06
0.96,125.921,0.356,0.209,0.0857,0.104,0.0
0.883,122.252,0.467,0.125,0.309,0.106,0.000152
0.986,165.981,0.411,0.371,0.649,0.0583,0.00148
0.796,169.835,0.289,0.202,0.33,0.0494,2.61e-05
0.886,145.781,0.202,0.643,0.192,0.0816,0.0
0.928,95.594,0.579,0.18,0.882,0.0411,0.0
0.842,162.011,0.494,0.122,0.574,0.0843,0.0
0.961,114.451,0.621,0.0854,0.449,0.154,0.0
0.959,193.144,0.409,0.0766,0.83,0.0869,0.0
0.827,167.086,0.29,0.301,0.45,0.0362,2.55e-06
0.775,136.02,0.52,0.364,0.383,0.0348,0.0
0.965,112.363,0.403,0.341,0.431,0.0964,0.000276
0.925,159.989,0.472,0.0826,0.338,0.15,0.000528
0.422,112.751,0.756,0.0368,0.487,0.0292,0.00183
0.214,67.531,0.332,0.0839,0.11,0.0349,5.62e-06
0.498,116.262,0.581,0.132,0.111,0.0276,0.0
0.428,149.705,0.641,0.0579,0.53,0.024,0.0
0.519,140.054,0.546,0.24,0.247,0.0291,0.00046
0.652,80.61,0.52,0.256,0.722,0.0274,6.14e-05
0.402,119.873,0.651,0.0765,0.258,0.028,7.73e-05
0.317,131.783,0.509,0.0878,0.247,0.0305,5.28e-05
0.381,121.948,0.476,0.0614,0.33,0.0342,0.0
0.264,99.304,0.636,0.275,0.264,0.0263,4.22e-05
0.249,82.803,0.418,0.112,0.213,0.0301,0.661
0.74,118.01,0.593,0.102,0.501,0.0339,2.14e-05
0.64,101.991,0.691,0.2,0.452,0.0384,5.24e-06
0.533,131.745,0.584,0.306,0.224,0.0305,0.0
0.65,129.993,0.727,0.111,0.668,0.0337,0.0
0.588,94.519,0.686,0.0954,0.617,0.0554,0.0
0.72,79.983,0.508,0.0563,0.472,0.0628,0.0
0.612,86.768,0.536,0.209,0.57,0.272,0.0
0.438,87.903,0.384,0.101,0.287,0.0362,0.0
0.467,119.919,0.615,0.099,0.177,0.0327,0.0
0.825,94.931,0.56,0.161,0.268,0.0379,0.0
0.602,94.382,0.805,0.0581,0.744,0.0579,0.000122
0.512,128.019,0.634,0.0588,0.193,0.0285,3.91e-06
0.479,81.998,0.675,0.088,0.454,0.0278,1.76e-05
0.678,138.009,0.713,0.149,0.734,0.102,0.0
0.859,65.043,0.728,0.111,0.535,0.137,0.0
0.629,93.985,0.657,0.254,0.726,0.0782,0.0
0.467,138.007,0.845,0.0694,0.702,0.138,0.0
0.621,140.036,0.583,0.181,0.399,0.0479,0.00106
0.68,132.012,0.727,0.0821,0.728,0.0286,0.0
0.925,86.989,0.749,0.52,0.641,0.227,0.0
0.73,93.867,0.637,0.0981,0.731,0.0877,0.0
0.932,129.473,0.522,0.177,0.33,0.255,0.0
0.622,74.267,0.328,0.104,0.401,0.0866,0.0
0.422,74.375,0.692,0.0848,0.468,0.0333,0.0
0.549,90.04,0.644,0.134,0.167,0.0285,8.85e-06
0.479,184.374,0.656,0.168,0.708,0.0348,0.00272
0.768,80.063,0.78,0.518,0.507,0.238,2.34e-06
0.656,104.036,0.638,0.146,0.225,0.0357,0.0
0.476,139.987,0.84,0.0865,0.767,0.0629,0.0
0.614,136.628,0.553,0.0811,0.345,0.0306,0.0
0.596,93.135,0.569,0.205,0.754,0.172,7.92e-05
0.565,101.967,0.78,0.063,0.365,0.0306,0.00269
0.306,118.068,0.65,0.0707,0.605,0.0393,7.07e-06
0.661,130.009,0.762,0.256,0.769,0.0687,0.0
0.606,97.785,0.596,0.0863,0.886,0.0255,0.000327
0.834,118.222,0.249,0.0924,0.337,0.0574,9.69e-05
0.752,120.47,0.422,0.129,0.404,0.0449,0.000119
0.247,140.232,0.467,0.157,0.258,0.0314,0.0157
0.5,117.896,0.664,0.0966,0.801,0.0651,0.0
0.638,144.458,0.486,0.078,0.178,0.0323,0.0
0.122,148.658,0.264,0.094,0.0735,0.0349,0.349
0.485,95.968,0.753,0.192,0.547,0.035,0.00104
0.561,115.011,0.598,0.196,0.231,0.0376,0.0417
0.324,141.8,0.733,0.067,0.388,0.033,0.0
0.22,129.9,0.702,0.0891,0.197,0.0403,0.0
0.467,157.338,0.413,0.0711,0.377,0.0292,0.0111
0.378,120.133,0.662,0.121,0.207,0.0361,6.84e-06
0.216,79.109,0.555,0.109,0.504,0.0721,0.00416
0.291,83.943,0.388,0.0874,0.51,0.0421,1.93e-05
0.363,121.412,0.531,0.112,0.259,0.0608,0.0
0.187,132.679,0.303,0.102,0.212,0.0356,0.499
0.551,148.035,0.527,0.403,0.443,0.0345,2.75e-06
0.186,110.044,0.6,0.104,0.468,0.0317,0.00102
0.439,122.877,0.586,0.117,0.365,0.0346,0.0
0.417,87.003,0.654,0.831,0.649,0.0387,0.0
0.731,101.654,0.483,0.151,0.484,0.0381,0.0
0.731,94.009,0.656,0.397,0.376,0.0278,0.00111
0.624,170.076,0.505,0.314,0.413,0.0373,1.06e-05
0.452,108.953,0.413,0.332,0.102,0.0308,0.0413
0.864,99.995,0.637,0.222,0.706,0.0468,0.0
0.413,94.938,0.494,0.193,0.273,0.0254,6.72e-05
0.331,95.015,0.611,0.117,0.559,0.028,0.000276
0.312,128.094,0.681,0.0935,0.789,0.0452,0.000619
0.316,127.823,0.625,0.194,0.452,0.0815,0.238
0.399,171.402,0.537,0.109,0.832,0.0269,0.0546
0.533,130.398,0.687,0.0844,0.814,0.0314,6.43e-05
0.507,123.188,0.653,0.155,0.831,0.0534,0.0147
0.331,95.015,0.611,0.117,0.559,0.028,0.000276
0.309,82.789,0.583,0.11,0.473,0.045,0.207
0.748,119.965,0.868,0.252,0.829,0.0951,3.93e-06
0.611,100.024,0.854,0.119,0.417,0.0864,0.0
0.128,109.986,0.522,0.0941,0.124,0.0357,0.026
0.235,118.917,0.498,0.144,0.0895,0.188,0.0
0.00362,69.677,0.235,0.0956,0.0885,0.0441,0.79
0.618,126.031,0.853,0.0972,0.32,0.0923,0.89
0.518,126.089,0.875,0.125,0.37,0.0551,0.00995
0.791,122.085,0.571,0.0612,0.585,0.0741,0.0
0.717,121.985,0.793,0.226,0.466,0.0393,3.6e-05
0.942,120.0,0.762,0.115,0.038,0.038,0.764
0.777,108.005,0.58,0.342,0.589,0.0655,0.0
0.836,113.998,0.729,0.336,0.288,0.0462,3.27e-05
0.518,126.089,0.875,0.125,0.37,0.0551,0.00995
0.787,119.996,0.704,0.159,0.31,0.0462,0.00538
0.618,126.031,0.853,0.0972,0.32,0.0923,0.89
0.856,127.949,0.596,0.141,0.743,0.0346,0.0178
0.869,126.027,0.874,0.164,0.726,0.0315,0.00238
0.729,127.028,0.88,0.185,0.246,0.176,0.0113
0.86,128.004,0.755,0.344,0.618,0.0523,7.47e-06
0.813,125.91,0.513,0.258,0.355,0.0335,0.0
0.797,121.985,0.845,0.167,0.422,0.139,5.57e-06
0.777,108.005,0.58,0.342,0.589,0.0655,0.0
0.818,125.952,0.687,0.248,0.886,0.0778,0.0
0.69,125.004,0.847,0.0526,0.692,0.0493,6e-05
0.896,101.216,0.67,0.344,0.403,0.058,3.21e-05
0.876,129.998,0.671,0.0823,0.964,0.0352,0.188
0.722,121.964,0.587,0.543,0.466,0.0709,0.668
0.886,120.032,0.655,0.277,0.778,0.0502,0.0
0.655,129.89,0.558,0.0854,0.39,0.0379,0.0
0.637,120.033,0.847,0.121,0.0509,0.0587,0.201
0.793,87.024,0.545,0.335,0.411,0.0371,0.00281
0.647,117.737,0.581,0.304,0.257,0.0614,0.0502
0.785,123.96,0.621,0.0512,0.779,0.11,5.92e-06
0.841,129.973,0.714,0.596,0.865,0.0641,0.366
0.821,125.051,0.848,0.0962,0.249,0.0527,0.000403
0.855,75.031,0.605,0.098,0.302,0.329,0.000709
0.782,127.034,0.763,0.293,0.502,0.0346,7.08e-06
0.821,140.039,0.777,0.218,0.439,0.0595,0.0042
0.594,129.995,0.853,0.0469,0.83,0.0371,0.134
0.867,124.015,0.747,0.114,0.684,0.088,0.00413
0.606,123.006,0.567,0.0686,0.314,0.0438,0.0
0.937,123.993,0.651,0.119,0.666,0.0468,0.0975
0.888,123.031,0.671,0.0951,0.412,0.0412,0.0106
0.714,127.993,0.634,0.374,0.409,0.104,0.0025
0.897,124.025,0.689,0.0676,0.582,0.034,4.6e-06
0.863,130.02,0.652,0.6,0.805,0.0523,0.0
0.688,127.938,0.608,0.08,0.214,0.0499,0.00736
0.951,74.973,0.772,0.036,0.4,0.271,0.000738
0.88,130.085,0.588,0.0667,0.523,0.0354,6.89e-05
0.831,126.056,0.785,0.086,0.673,0.0444,0.0105
0.8,119.984,0.724,0.0823,0.925,0.0541,9.38e-05
0.392,75.066,0.599,0.131,0.26,0.0257,0.000107
0.802,100.001,0.713,0.309,0.343,0.0561,0.00377
0.953,141.99,0.631,0.108,0.422,0.0343,0.0155
0.942,120.0,0.762,0.115,0.038,0.038,0.764
0.432,81.109,0.695,0.296,0.765,0.0479,0.0
0.483,90.941,0.738,0.086,0.774,0.0526,0.0
0.538,80.096,0.72,0.0654,0.805,0.0455,0.0
0.712,91.98,0.848,0.106,0.692,0.0981,0.0
0.681,99.998,0.725,0.107,0.762,0.0376,0.0
0.519,100.025,0.763,0.0816,0.804,0.0636,6.42e-06
0.616,104.008,0.773,0.145,0.25,0.0416,4.24e-05
0.854,117.994,0.786,0.106,0.522,0.0741,2.39e-05
0.578,167.985,0.724,0.0943,0.757,0.0819,1.06e-06
0.778,96.057,0.911,0.179,0.345,0.262,2.16e-05
0.645,119.935,0.801,0.118,0.528,0.0706,0.0
0.621,139.056,0.787,0.58,0.13,0.068,0.000402
0.724,94.601,0.847,0.118,0.396,0.298,1.11e-06
0.795,94.969,0.845,0.224,0.681,0.0681,1.78e-05
0.738,169.918,0.841,0.0892,0.484,0.307,0.0
0.8,143.978,0.652,0.112,0.234,0.0614,0.629
0.706,140.017,0.863,0.0786,0.686,0.103,4.43e-05
0.703,123.06,0.713,0.321,0.576,0.194,0.0
0.712,92.005,0.911,0.0933,0.425,0.0817,2.68e-05
0.616,103.071,0.797,0.0979,0.451,0.375,0.000293
0.475,98.047,0.801,0.0639,0.234,0.0516,1.73e-05
0.715,106.672,0.65,0.126,0.187,0.253,0.000291
0.684,114.011,0.795,0.658,0.419,0.0419,0.0
0.786,196.12,0.663,0.219,0.579,0.195,0.0
0.707,127.963,0.771,0.0745,0.317,0.055,0.0
0.856,91.995,0.815,0.244,0.872,0.122,8.34e-05
0.86,175.896,0.725,0.0674,0.791,0.182,0.000284
0.688,153.979,0.659,0.113,0.632,0.0673,0.0
0.648,179.951,0.644,0.135,0.44,0.118,0.0
0.637,92.025,0.811,0.118,0.471,0.0591,0.000572
0.618,81.993,0.856,0.0866,0.391,0.286,0.0
0.759,91.952,0.78,0.143,0.579,0.225,0.000868
0.573,109.928,0.731,0.113,0.145,0.0544,5.22e-05
0.765,174.021,0.691,0.203,0.855,0.111,3.29e-06
0.829,96.172,0.607,0.107,0.685,0.379,0.0
0.848,179.87,0.685,0.0783,0.761,0.0858,7.14e-06
0.791,92.023,0.86,0.106,0.887,0.0568,0.000106
0.603,129.928,0.9,0.134,0.824,0.0646,4.81e-06
0.801,93.992,0.762,0.254,0.81,0.0409,7.04e-05
0.758,97.014,0.86,0.344,0.453,0.0695,6.54e-05
0.703,94.004,0.879,0.0569,0.788,0.0701,0.0
0.596,165.951,0.819,0.138,0.622,0.318,1.19e-06
0.646,176.088,0.756,0.108,0.429,0.319,1.81e-05
0.791,92.603,0.639,0.362,0.933,0.254,0.0
0.624,176.169,0.61,0.243,0.244,0.309,2.12e-06
0.689,97.963,0.882,0.0501,0.746,0.124,0.00325
0.647,95.982,0.857,0.0842,0.553,0.0984,1.2e-06
0.86,93.989,0.737,0.0574,0.656,0.0593,1.94e-06
0.836,96.993,0.746,0.116,0.874,0.0445,0.00291
0.673,87.961,0.818,0.172,0.695,0.148,0.0
0.711,173.916,0.718,0.1,0.92,0.11,5.52e-05
0.701,175.95,0.73,0.151,0.785,0.106,0.0
0.746,175.965,0.746,0.274,0.733,0.102,0.0
0.681,140.006,0.807,0.0962,0.676,0.0983,0.0
0.69,106.034,0.799,0.143,0.682,0.1,0.001
0.812,87.864,0.683,0.0872,0.724,0.0711,0.000404
0.598,83.836,0.55,0.0955,0.543,0.0831,2.58e-06
0.761,168.022,0.714,0.241,0.906,0.0427,0.00035
0.617,168.021,0.713,0.0962,0.682,0.0887,0.0
0.675,79.31,0.627,0.0784,0.961,0.212,0.0
0.706,88.863,0.635,0.108,0.443,0.125,0.0
0.766,130.001,0.762,0.128,0.442,0.0343,6.98e-05
0.745,94.979,0.793,0.293,0.716,0.0571,0.000189
0.766,93.956,0.737,0.114,0.662,0.0458,6.63e-06
0.703,169.888,0.639,0.0865,0.138,0.0794,1.78e-06
0.7,93.991,0.843,0.14,0.899,0.0803,0.0
0.694,90.02,0.869,0.0878,0.511,0.0783,0.00125
0.636,174.14,0.695,0.081,0.575,0.317,0.0
0.903,78.293,0.564,0.175,0.607,0.307,0.0
0.674,99.968,0.804,0.115,0.292,0.0333,1.18e-06
0.584,115.018,0.849,0.492,0.724,0.115,6.18e-06
0.673,181.891,0.655,0.0753,0.342,0.308,0.0
0.858,92.523,0.627,0.21,0.342,0.386,0.0
0.694,95.0,0.703,0.12,0.298,0.0607,5.8e-06
0.789,91.911,0.757,0.0717,0.464,0.0583,0.0
0.739,179.879,0.704,0.0856,0.425,0.112,1.93e-05
0.846,98.026,0.734,0.235,0.604,0.0489,1.74e-06
0.662,93.976,0.892,0.363,0.607,0.162,1.24e-06
0.479,169.922,0.812,0.0756,0.559,0.333,1.21e-06
0.892,97.008,0.791,0.0609,0.916,0.0521,0.000355
0.737,91.986,0.708,0.0955,0.607,0.0436,0.00162
0.711,102.984,0.822,0.083,0.934,0.0668,1.46e-05
0.812,162.087,0.785,0.107,0.903,0.0644,0.0
0.794,92.998,0.843,0.25,0.796,0.0426,1.22e-06
0.769,167.969,0.771,0.345,0.931,0.0694,1.57e-05
0.88,180.011,0.72,0.153,0.463,0.101,0.06
0.672,93.999,0.817,0.13,0.774,0.299,0.0
0.543,98.992,0.898,0.338,0.359,0.121,0.000623
0.709,99.993,0.725,0.114,0.648,0.129,0.000189
0.766,96.037,0.88,0.382,0.594,0.0505,1.79e-05
0.671,169.727,0.714,0.325,0.641,0.362,0.0
0.617,173.97,0.703,0.433,0.486,0.151,6.11e-06
0.626,100.02,0.763,0.205,0.78,0.0433,0.225
0.499,99.986,0.791,0.0899,0.669,0.0509,2.41e-05
0.476,129.992,0.793,0.115,0.578,0.0406,0.0
0.71,92.009,0.535,0.141,0.523,0.324,0.0
0.668,128.027,0.924,0.0678,0.787,0.0469,0.000594
0.482,100.029,0.69,0.0728,0.356,0.2,0.0004
0.779,128.028,0.937,0.0408,0.95,0.329,6.85e-05
0.583,115.221,0.669,0.1,0.271,0.269,2.54e-06
0.496,100.025,0.696,0.0626,0.476,0.0365,0.000397
0.665,100.09,0.858,0.119,0.659,0.152,0.0
0.86,100.019,0.774,0.116,0.446,0.13,0.0
0.507,99.994,0.755,0.18,0.606,0.0684,1.82e-05
0.599,86.533,0.828,0.0775,0.478,0.149,0.0
0.827,129.949,0.956,0.423,0.614,0.222,0.000259
0.99,126.015,0.748,0.267,0.386,0.151,0.132
0.803,130.028,0.877,0.087,0.795,0.0507,0.056
0.413,130.078,0.92,0.133,0.679,0.0752,0.0514
0.789,130.053,0.89,0.192,0.758,0.428,0.0
0.427,80.492,0.492,0.53,0.443,0.372,0.00482
0.669,130.05,0.949,0.169,0.843,0.222,0.000592
0.687,117.008,0.778,0.356,0.839,0.105,0.0105
0.955,130.068,0.679,0.125,0.713,0.0437,0.235
0.582,84.917,0.615,0.0791,0.892,0.364,6.55e-05
0.96,130.118,0.863,0.0853,0.586,0.0492,0.00526
0.907,117.054,0.863,0.182,0.304,0.295,0.000813
0.59,86.429,0.711,0.0798,0.702,0.271,1.83e-06
0.327,90.025,0.707,0.155,0.181,0.0687,0.0148
0.729,98.022,0.629,0.253,0.427,0.0379,7.75e-05
0.656,120.001,0.685,0.318,0.556,0.0411,0.0
0.606,95.056,0.831,0.0973,0.883,0.0626,1.04e-06
0.914,108.02,0.726,0.54,0.839,0.0802,0.0
0.724,78.753,0.536,0.116,0.587,0.152,0.0
0.622,204.028,0.406,0.309,0.567,0.0648,1.35e-05
0.538,141.894,0.52,0.119,0.177,0.206,0.00187
0.586,130.012,0.891,0.213,0.954,0.121,0.0
0.722,119.973,0.769,0.111,0.57,0.0507,2.56e-06
0.84,95.416,0.856,0.0773,0.792,0.334,0.0
0.818,97.571,0.373,0.434,0.361,0.102,0.0
0.803,67.536,0.284,0.242,0.553,0.173,0.0
0.86,76.54,0.575,0.0973,0.834,0.23,0.0
0.579,84.143,0.562,0.102,0.577,0.484,0.0
0.621,119.043,0.455,0.123,0.28,0.0517,2.59e-06
0.76,80.082,0.435,0.158,0.206,0.0721,0.0
0.638,82.81,0.677,0.193,0.435,0.333,0.0
0.498,81.958,0.665,0.0757,0.127,0.083,0.0
0.441,135.028,0.942,0.138,0.925,0.469,0.0
0.421,95.977,0.852,0.106,0.457,0.208,2.28e-06
0.652,141.981,0.47,0.175,0.104,0.0561,4.08e-05
0.574,120.013,0.669,0.146,0.273,0.0286,0.00294
0.638,94.893,0.809,0.453,0.608,0.28,0.0
0.57,129.953,0.734,0.112,0.689,0.133,2.14e-05
0.744,82.356,0.798,0.292,0.794,0.136,0.000106
0.653,142.347,0.493,0.511,0.852,0.0466,0.0
0.435,120.058,0.843,0.147,0.19,0.178,0.0
0.636,145.972,0.837,0.342,0.274,0.086,0.00125
0.628,90.482,0.639,0.386,0.43,0.0398,0.0
0.354,160.037,0.741,0.118,0.583,0.0837,0.00577
0.463,111.98,0.809,0.109,0.364,0.0396,0.085
0.604,49.305,0.583,0.724,0.691,0.456,0.0
0.646,176.153,0.599,0.128,0.638,0.337,4.36e-06
0.251,139.999,0.746,0.106,0.18,0.259,0.00203
0.734,97.044,0.918,0.191,0.608,0.269,8.01e-06
0.63,95.0,0.874,0.0582,0.717,0.298,0.00479
0.506,115.994,0.848,0.102,0.593,0.0336,0.0
0.747,86.918,0.67,0.115,0.918,0.189,0.0
0.678,117.067,0.595,0.418,0.259,0.0335,0.00389
0.52,92.869,0.747,0.142,0.601,0.0357,0.0537
0.533,131.036,0.797,0.103,0.329,0.0412,0.000152
0.731,174.516,0.552,0.258,0.632,0.615,0.0
0.559,78.558,0.558,0.109,0.62,0.0959,7.49e-06
0.631,84.166,0.48,0.149,0.515,0.116,0.000105
0.283,138.97,0.898,0.11,0.469,0.356,0.000383
0.283,97.04,0.766,0.115,0.144,0.0846,0.0172
0.648,93.2,0.737,0.105,0.746,0.138,6.92e-06
0.634,101.837,0.502,0.188,0.645,0.144,0.0341
0.385,106.312,0.619,0.179,0.294,0.118,0.00369
0.651,67.813,0.49,0.108,0.567,0.138,7.59e-06
0.415,113.976,0.823,0.128,0.488,0.0637,0.0316
0.801,104.986,0.778,0.0912,0.914,0.106,0.000155
0.681,139.057,0.918,0.0615,0.706,0.201,0.0
0.756,105.024,0.719,0.109,0.647,0.0761,0.0
0.503,99.97,0.792,0.0959,0.381,0.0626,0.00057
0.463,125.15,0.562,0.157,0.416,0.0787,0.000145
0.707,104.027,0.849,0.618,0.602,0.113,8.58e-06
0.501,103.993,0.637,0.099,0.431,0.187,5.91e-05
0.496,109.979,0.812,0.0955,0.55,0.297,0.0
0.581,102.964,0.609,0.283,0.528,0.277,0.0
0.642,83.389,0.463,0.0686,0.339,0.34,0.0
0.655,92.9,0.649,0.22,0.793,0.0652,0.0
0.549,123.879,0.613,0.116,0.78,0.231,0.0
0.529,112.014,0.782,0.413,0.44,0.0592,1.42e-06
0.00161,140.997,0.138,0.0951,0.155,0.0532,0.971
0.277,159.719,0.329,0.0971,0.121,0.0302,0.024
0.04,135.965,0.44,0.111,0.249,0.0322,0.465
0.664,129.071,0.575,0.116,0.437,0.0481,0.0
0.581,130.033,0.613,0.25,0.551,0.0424,0.000345
0.416,113.986,0.324,0.11,0.151,0.0368,3.69e-05
0.363,121.412,0.531,0.112,0.259,0.0608,0.0
0.394,96.192,0.421,0.0984,0.399,0.0277,4.74e-06
0.308,113.95,0.504,0.158,0.121,0.0321,0.135
0.422,144.678,0.718,0.17,0.455,0.0621,0.0
0.449,123.969,0.327,0.22,0.179,0.034,0.00444
0.135,82.987,0.387,0.0948,0.21,0.051,0.0
0.179,140.01,0.539,0.106,0.145,0.0309,0.393
0.119,70.499,0.467,0.0973,0.156,0.0401,1.4e-06
0.0561,79.764,0.319,0.388,0.082,0.045,0.00384
0.343,145.115,0.474,0.305,0.152,0.027,2.65e-05
0.156,94.08,0.671,0.113,0.201,0.0371,0.0518
0.128,159.679,0.599,0.115,0.367,0.109,0.121
0.129,137.35,0.483,0.106,0.203,0.0349,0.145
0.322,148.005,0.516,0.215,0.261,0.0292,0.00194
0.268,102.617,0.371,0.104,0.165,0.0281,0.0517
0.338,133.943,0.408,0.0732,0.1,0.0431,0.000639
0.289,129.753,0.531,0.134,0.12,0.0286,0.000358
0.276,201.025,0.334,0.113,0.429,0.0643,0.000249
0.304,78.997,0.538,0.164,0.065,0.0352,0.000631
0.377,101.96,0.606,0.154,0.446,0.0275,0.0
0.31,137.474,0.509,0.0963,0.151,0.0313,0.229
0.225,104.007,0.554,0.107,0.221,0.0281,0.0321
0.425,102.078,0.357,0.322,0.27,0.0333,0.0
0.468,94.434,0.369,0.109,0.18,0.0273,0.566
0.407,117.053,0.457,0.126,0.126,0.0308,0.884
0.664,107.747,0.404,0.11,0.0949,0.0407,0.00402
0.526,130.694,0.521,0.108,0.502,0.0281,0.00537
0.367,77.968,0.395,0.11,0.426,0.0324,0.0
0.347,141.332,0.409,0.121,0.199,0.0359,4.55e-06
0.483,144.99,0.617,0.121,0.176,0.0458,0.000216
0.199,165.476,0.48,0.0978,0.201,0.0329,0.0563
0.288,110.927,0.687,0.0986,0.308,0.045,0.0
0.11,81.876,0.415,0.0962,0.234,0.0388,0.00236
0.0972,86.686,0.443,0.115,0.289,0.0793,0.0102
0.245,103.777,0.34,0.0633,0.192,0.0319,0.0992
0.348,110.019,0.631,0.295,0.32,0.0343,8.87e-05
0.159,72.38,0.403,0.34,0.0381,0.104,0.0121
0.529,161.989,0.671,0.0856,0.203,0.307,0.000335
0.663,184.057,0.672,0.134,0.381,0.243,0.0
0.561,148.775,0.686,0.114,0.186,0.191,0.0
0.819,94.011,0.565,0.111,0.682,0.0668,0.0
0.767,160.084,0.718,0.114,0.519,0.166,0.0
0.653,150.097,0.547,0.103,0.163,0.081,0.0
0.534,93.924,0.832,0.165,0.116,0.253,0.0
0.662,112.509,0.897,0.534,0.39,0.292,0.0
0.515,120.1,0.567,0.078,0.321,0.247,0.0
0.651,163.935,0.665,0.0896,0.237,0.156,0.0
0.55,124.13,0.629,0.095,0.154,0.0543,0.0
0.671,179.987,0.684,0.0769,0.45,0.289,0.0
0.8,139.918,0.498,0.147,0.272,0.0503,0.0
0.54,143.968,0.634,0.302,0.543,0.0777,0.0
0.545,97.008,0.809,0.151,0.244,0.0734,0.0
0.369,140.004,0.735,0.126,0.235,0.0688,0.0
0.662,150.047,0.709,0.108,0.439,0.0767,0.0
0.75,155.096,0.732,0.109,0.401,0.231,0.0
0.588,114.929,0.712,0.21,0.471,0.0543,0.0
0.538,99.952,0.829,0.103,0.389,0.212,1.88e-06
0.507,130.007,0.872,0.111,0.506,0.072,0.0
0.631,105.989,0.648,0.12,0.142,0.104,0.0
0.646,127.978,0.946,0.0643,0.961,0.21,0.0
0.814,144.991,0.625,0.158,0.535,0.0657,0.0
0.779,123.013,0.724,0.127,0.53,0.0807,0.0
0.763,120.042,0.695,0.0863,0.551,0.0396,0.00242
0.782,94.03,0.701,0.124,0.57,0.138,2.31e-06
0.88,169.949,0.49,0.103,0.392,0.0435,0.0
0.551,113.535,0.748,0.0943,0.65,0.0239,1.57e-06
0.526,124.709,0.558,0.126,0.202,0.033,0.0
0.614,136.628,0.553,0.0811,0.345,0.0306,0.0
0.506,133.403,0.469,0.102,0.217,0.0291,0.0
0.384,139.009,0.437,0.121,0.181,0.042,2.33e-05
0.557,114.019,0.815,0.089,0.482,0.0318,0.0
0.326,134.049,0.46,0.0874,0.214,0.0304,0.0
0.76,130.096,0.512,0.103,0.495,0.0682,0.0
0.645,85.046,0.714,0.0942,0.434,0.0514,0.00083
0.321,110.827,0.68,0.125,0.416,0.0376,4.67e-06
0.499,93.99,0.796,0.0867,0.798,0.0404,0.0
0.588,79.989,0.675,0.95,0.879,0.177,0.0
0.533,130.02,0.645,0.2,0.349,0.0351,7.08e-06
0.615,84.07,0.775,0.0595,0.918,0.368,0.0
0.798,86.638,0.509,0.203,0.48,0.235,0.0
0.606,175.917,0.656,0.105,0.38,0.363,0.0
0.702,180.219,0.711,0.0932,0.674,0.233,0.0163
0.78,171.285,0.461,0.181,0.448,0.363,0.0
0.431,94.0,0.881,0.113,0.246,0.0914,0.0018
0.455,99.958,0.796,0.156,0.352,0.0997,3.59e-06
0.362,115.974,0.967,0.124,0.633,0.159,0.00637
0.627,89.998,0.742,0.269,0.356,0.0533,1.23e-05
0.572,88.041,0.742,0.318,0.644,0.0743,0.00428
0.684,100.042,0.769,0.18,0.483,0.148,0.0
0.566,85.953,0.794,0.151,0.68,0.0602,0.000168
0.512,144.926,0.848,0.101,0.881,0.118,0.00645
0.75,139.979,0.831,0.111,0.662,0.153,0.0
0.733,92.969,0.864,0.166,0.183,0.0713,0.000175
0.356,83.679,0.708,0.112,0.569,0.075,6.54e-05
0.718,89.906,0.716,0.192,0.91,0.148,0.0
0.745,180.098,0.464,0.363,0.262,0.161,0.0
0.661,76.71,0.836,0.449,0.753,0.338,0.0
0.782,119.992,0.727,0.225,0.655,0.042,0.336
0.787,119.996,0.704,0.159,0.31,0.0462,0.00538
0.577,119.986,0.795,0.051,0.206,0.0648,0.147
0.872,122.028,0.43,0.119,0.136,0.0522,0.879
0.946,120.036,0.542,0.107,0.229,0.0425,0.632
0.797,122.011,0.702,0.179,0.0356,0.0557,0.495
0.723,123.993,0.787,0.085,0.579,0.152,0.00447
0.879,123.004,0.741,0.126,0.362,0.0425,0.0433
0.57,121.843,0.655,0.105,0.487,0.0487,0.43
0.637,120.033,0.847,0.121,0.0509,0.0587,0.201
0.83,120.97,0.808,0.403,0.465,0.0356,0.809
0.0516,87.587,0.27,0.112,0.199,0.0442,0.953
0.0582,132.614,0.191,0.0941,0.0454,0.0578,0.89
0.146,172.13,0.265,0.104,0.416,0.0323,0.893
0.0559,95.217,0.396,0.11,0.278,0.0599,0.935
0.138,128.563,0.34,0.112,0.325,0.0357,0.846
0.0968,62.881,0.286,0.0861,0.0395,0.0323,0.696
0.874,91.038,0.532,0.452,0.361,0.0482,0.012
0.149,82.019,0.485,0.102,0.112,0.0282,0.917
0.0823,67.238,0.252,0.0857,0.0381,0.0344,0.928
0.855,117.987,0.534,0.0996,0.601,0.0342,0.893
0.641,141.931,0.529,0.102,0.089,0.0336,0.76
0.754,170.084,0.564,0.224,0.457,0.0646,0.84
0.715,113.861,0.552,0.0669,0.858,0.0524,0.702
0.687,106.896,0.605,0.104,0.12,0.045,0.949
0.91,130.032,0.528,0.0938,0.137,0.0366,0.764
0.573,140.04,0.911,0.403,0.972,0.288,0.0
0.413,146.05,0.747,0.17,0.481,0.488,0.0
0.332,141.849,0.885,0.119,0.423,0.848,0.0
0.674,140.065,0.922,0.128,0.726,0.366,3.07e-06
0.731,149.987,0.583,0.238,0.446,0.0271,0.0136
0.731,97.007,0.751,0.0556,0.973,0.0308,0.0
0.84,97.027,0.673,0.0965,0.94,0.0559,0.0
0.758,129.944,0.696,0.189,0.858,0.0263,3.09e-05
0.447,121.989,0.657,0.0995,0.523,0.0303,0.00105
0.777,123.003,0.649,0.115,0.667,0.0397,3.43e-05
0.592,170.391,0.332,0.109,0.31,0.0371,0.0
0.523,173.85,0.452,0.233,0.363,0.0625,0.0
0.715,84.098,0.487,0.195,0.638,0.0519,0.0
0.659,106.196,0.648,0.19,0.532,0.0259,0.000307
0.85,125.796,0.374,0.116,0.348,0.0404,0.0
0.643,76.979,0.601,0.283,0.387,0.0272,0.0
0.479,123.217,0.425,0.378,0.279,0.0419,0.000109
0.553,126.043,0.487,0.0992,0.699,0.0425,2.81e-05
0.358,145.751,0.715,0.104,0.742,0.033,0.0133
0.759,124.725,0.791,0.0993,0.917,0.037,4.44e-05
0.936,172.547,0.594,0.191,0.39,0.0944,0.000351
0.735,123.57,0.714,0.115,0.68,0.0306,0.000622
0.631,112.481,0.781,0.0827,0.909,0.0307,0.00285
0.854,148.003,0.634,0.0664,0.564,0.0369,2.49e-06
0.879,133.946,0.742,0.0981,0.936,0.0328,7.17e-06
0.824,172.006,0.77,0.318,0.49,0.0851,0.0
0.809,116.015,0.732,0.0642,0.253,0.0878,0.0
0.797,97.988,0.811,0.112,0.541,0.165,0.0
0.807,155.397,0.525,0.0504,0.741,0.0725,0.0
0.593,119.958,0.79,0.065,0.72,0.0776,0.00202
0.831,132.029,0.798,0.112,0.721,0.171,5.87e-05
0.913,123.58,0.606,0.34,0.838,0.0351,0.00696
0.449,114.924,0.669,0.0729,0.327,0.049,0.0
0.255,95.978,0.375,0.0845,0.331,0.0377,0.0
0.629,70.568,0.513,0.146,0.498,0.19,0.0
0.583,126.036,0.793,0.253,0.97,0.247,1.07e-05
0.681,101.005,0.798,0.137,0.434,0.0722,0.00197
0.638,109.96,0.701,0.279,0.646,0.165,0.00219
0.852,119.892,0.779,0.212,0.601,0.0651,0.0
0.717,117.952,0.753,0.0988,0.601,0.0384,0.00258
0.627,118.093,0.788,0.232,0.909,0.0751,0.0
0.708,130.081,0.872,0.0998,0.308,0.176,0.0
0.569,115.03,0.772,0.117,0.525,0.062,0.0
0.709,130.081,0.872,0.0998,0.309,0.176,0.0
0.533,102.025,0.863,0.0794,0.738,0.0484,0.00126
0.873,97.96,0.621,0.0824,0.873,0.0369,9.1e-06
0.924,168.017,0.598,0.17,0.611,0.0623,0.799
0.664,118.018,0.731,0.133,0.661,0.0302,0.35
0.655,92.9,0.649,0.22,0.793,0.0652,0.0
0.781,107.007,0.811,0.121,0.824,0.0428,0.001
0.503,99.97,0.792,0.0959,0.381,0.0626,0.00057
0.501,103.993,0.637,0.099,0.431,0.187,5.91e-05
0.485,100.053,0.843,0.107,0.689,0.195,0.0675
0.549,123.879,0.613,0.116,0.78,0.231,0.0
0.649,113.009,0.788,0.12,0.229,0.0532,0.0136
0.422,124.357,0.573,0.102,0.693,0.0678,1.31e-05
0.725,105.016,0.711,0.11,0.53,0.0941,0.129
0.809,99.005,0.724,0.0765,0.606,0.0929,0.0
0.642,83.389,0.463,0.0686,0.339,0.34,0.0
0.89,126.881,0.645,0.376,0.421,0.128,9.38e-06
